[{"model": "admin.logentry", "pk": 1, "fields": {"action_time": "2021-01-10T22:45:21.624Z", "user": 1, "content_type": 7, "object_id": "1", "object_repr": "althea.example.com", "action_flag": 2, "change_message": "[{\"changed\": {\"fields\": [\"Domain name\", \"Display name\"]}}]"}}, {"model": "admin.logentry", "pk": 2, "fields": {"action_time": "2021-01-10T22:52:32.079Z", "user": 1, "content_type": 8, "object_id": "1", "object_repr": "gideongannaban0528@gmail.com", "action_flag": 3, "change_message": ""}}, {"model": "admin.logentry", "pk": 3, "fields": {"action_time": "2021-01-10T22:52:47.482Z", "user": 1, "content_type": 8, "object_id": "2", "object_repr": "gideongannaban0528@gmail.com", "action_flag": 1, "change_message": "[{\"added\": {}}]"}}, {"model": "admin.logentry", "pk": 4, "fields": {"action_time": "2021-01-12T13:47:18.506Z", "user": 1, "content_type": 14, "object_id": "1", "object_repr": "tops", "action_flag": 1, "change_message": "[{\"added\": {}}]"}}, {"model": "admin.logentry", "pk": 5, "fields": {"action_time": "2021-01-12T13:47:32.512Z", "user": 1, "content_type": 14, "object_id": "2", "object_repr": "bottoms", "action_flag": 1, "change_message": "[{\"added\": {}}]"}}, {"model": "admin.logentry", "pk": 6, "fields": {"action_time": "2021-01-12T13:49:21.972Z", "user": 1, "content_type": 14, "object_id": "3", "object_repr": "active", "action_flag": 1, "change_message": "[{\"added\": {}}]"}}, {"model": "admin.logentry", "pk": 7, "fields": {"action_time": "2021-01-12T13:49:29.965Z", "user": 1, "content_type": 14, "object_id": "4", "object_repr": "sports", "action_flag": 1, "change_message": "[{\"added\": {}}]"}}, {"model": "admin.logentry", "pk": 8, "fields": {"action_time": "2021-01-12T13:49:37.866Z", "user": 1, "content_type": 14, "object_id": "5", "object_repr": "office", "action_flag": 1, "change_message": "[{\"added\": {}}]"}}, {"model": "admin.logentry", "pk": 9, "fields": {"action_time": "2021-01-12T13:49:48.268Z", "user": 1, "content_type": 14, "object_id": "6", "object_repr": "gents", "action_flag": 1, "change_message": "[{\"added\": {}}]"}}, {"model": "admin.logentry", "pk": 10, "fields": {"action_time": "2021-01-12T13:49:55.168Z", "user": 1, "content_type": 14, "object_id": "7", "object_repr": "ladies", "action_flag": 1, "change_message": "[{\"added\": {}}]"}}, {"model": "admin.logentry", "pk": 11, "fields": {"action_time": "2021-01-12T13:51:16.598Z", "user": 1, "content_type": 14, "object_id": "8", "object_repr": "men", "action_flag": 1, "change_message": "[{\"added\": {}}]"}}, {"model": "admin.logentry", "pk": 12, "fields": {"action_time": "2021-01-12T14:00:02.341Z", "user": 1, "content_type": 14, "object_id": "8", "object_repr": "backpack", "action_flag": 2, "change_message": "[{\"changed\": {\"fields\": [\"Name\", \"Friendly name\"]}}]"}}, {"model": "admin.logentry", "pk": 13, "fields": {"action_time": "2021-01-12T14:00:09.722Z", "user": 1, "content_type": 14, "object_id": "9", "object_repr": "purse", "action_flag": 1, "change_message": "[{\"added\": {}}]"}}, {"model": "admin.logentry", "pk": 14, "fields": {"action_time": "2021-01-12T14:00:15.764Z", "user": 1, "content_type": 14, "object_id": "10", "object_repr": "totes", "action_flag": 1, "change_message": "[{\"added\": {}}]"}}, {"model": "admin.logentry", "pk": 15, "fields": {"action_time": "2021-01-13T13:53:54.209Z", "user": 1, "content_type": 13, "object_id": "1", "object_repr": "Casio Mens G Shock Alarm Chronograph Watch", "action_flag": 1, "change_message": "[{\"added\": {}}]"}}, {"model": "admin.logentry", "pk": 16, "fields": {"action_time": "2021-01-13T13:55:39.541Z", "user": 1, "content_type": 13, "object_id": "2", "object_repr": "Fitbit Versa 3", "action_flag": 1, "change_message": "[{\"added\": {}}]"}}, {"model": "admin.logentry", "pk": 17, "fields": {"action_time": "2021-01-13T13:57:03.960Z", "user": 1, "content_type": 13, "object_id": "3", "object_repr": "Garmin Fenix 6S Pro Smart Watch", "action_flag": 1, "change_message": "[{\"added\": {}}]"}}, {"model": "admin.logentry", "pk": 18, "fields": {"action_time": "2021-01-13T13:58:07.537Z", "user": 1, "content_type": 13, "object_id": "4", "object_repr": "Newbridge Silverware Ladies Watch Leather Strap", "action_flag": 1, "change_message": "[{\"added\": {}}]"}}, {"model": "admin.logentry", "pk": 19, "fields": {"action_time": "2021-01-13T13:58:57.028Z", "user": 1, "content_type": 13, "object_id": "5", "object_repr": "Newbridge Silverware Rose Gold Silverplate Watch Round", "action_flag": 1, "change_message": "[{\"added\": {}}]"}}, {"model": "admin.logentry", "pk": 20, "fields": {"action_time": "2021-01-13T13:59:51.919Z", "user": 1, "content_type": 13, "object_id": "6", "object_repr": "Olivia Burton Women's White Dial Silver & Rose Gold Bracelet Watch", "action_flag": 1, "change_message": "[{\"added\": {}}]"}}, {"model": "admin.logentry", "pk": 21, "fields": {"action_time": "2021-01-13T14:00:28.764Z", "user": 1, "content_type": 13, "object_id": "7", "object_repr": "Samsung Galaxy Watch 1.2 Rose Gold", "action_flag": 1, "change_message": "[{\"added\": {}}]"}}, {"model": "admin.logentry", "pk": 22, "fields": {"action_time": "2021-01-13T14:01:07.569Z", "user": 1, "content_type": 13, "object_id": "8", "object_repr": "Thomas Sabo Rebel Mens Watch", "action_flag": 1, "change_message": "[{\"added\": {}}]"}}, {"model": "admin.logentry", "pk": 23, "fields": {"action_time": "2021-01-13T14:02:44.210Z", "user": 1, "content_type": 13, "object_id": "9", "object_repr": "Adidas Classic Fabric Backpack", "action_flag": 1, "change_message": "[{\"added\": {}}]"}}, {"model": "admin.logentry", "pk": 24, "fields": {"action_time": "2021-01-13T14:03:25.179Z", "user": 1, "content_type": 13, "object_id": "10", "object_repr": "adidas Power 5 Backpack", "action_flag": 1, "change_message": "[{\"added\": {}}]"}}, {"model": "admin.logentry", "pk": 25, "fields": {"action_time": "2021-01-13T14:04:10.005Z", "user": 1, "content_type": 13, "object_id": "11", "object_repr": "Converse Chuck Taylor Backpack", "action_flag": 1, "change_message": "[{\"added\": {}}]"}}, {"model": "admin.logentry", "pk": 26, "fields": {"action_time": "2021-01-13T14:06:13.519Z", "user": 1, "content_type": 13, "object_id": "12", "object_repr": "No Fear Check Backpack", "action_flag": 1, "change_message": "[{\"added\": {}}]"}}, {"model": "admin.logentry", "pk": 27, "fields": {"action_time": "2021-01-13T14:06:56.294Z", "user": 1, "content_type": 13, "object_id": "13", "object_repr": "Under Armour Hustle 4 Backpack", "action_flag": 1, "change_message": "[{\"added\": {}}]"}}, {"model": "admin.logentry", "pk": 28, "fields": {"action_time": "2021-01-13T14:08:05.669Z", "user": 1, "content_type": 13, "object_id": "14", "object_repr": "Guess Cathleen Camera Bag", "action_flag": 1, "change_message": "[{\"added\": {}}]"}}, {"model": "admin.logentry", "pk": 29, "fields": {"action_time": "2021-01-13T14:08:56.072Z", "user": 1, "content_type": 13, "object_id": "15", "object_repr": "Guess Tote Open Road Bag", "action_flag": 1, "change_message": "[{\"added\": {}}]"}}, {"model": "admin.logentry", "pk": 30, "fields": {"action_time": "2021-01-13T14:09:51.176Z", "user": 1, "content_type": 13, "object_id": "16", "object_repr": "DKNY Coated Logo Medium Shoulder Tote", "action_flag": 1, "change_message": "[{\"added\": {}}]"}}, {"model": "admin.logentry", "pk": 31, "fields": {"action_time": "2021-01-13T14:10:48.529Z", "user": 1, "content_type": 13, "object_id": "17", "object_repr": "DKNY Jacquard Logo Large Tote Bag", "action_flag": 1, "change_message": "[{\"added\": {}}]"}}, {"model": "admin.logentry", "pk": 32, "fields": {"action_time": "2021-01-13T14:12:09.617Z", "user": 1, "content_type": 13, "object_id": "18", "object_repr": "Ted Baker Dixiie Large Shopper Bag", "action_flag": 1, "change_message": "[{\"added\": {}}]"}}, {"model": "admin.logentry", "pk": 33, "fields": {"action_time": "2021-01-13T14:12:41.822Z", "user": 1, "content_type": 13, "object_id": "19", "object_repr": "Ted Baker Farzane Flower Bag", "action_flag": 1, "change_message": "[{\"added\": {}}]"}}, {"model": "admin.logentry", "pk": 34, "fields": {"action_time": "2021-01-13T14:15:40.052Z", "user": 1, "content_type": 13, "object_id": "20", "object_repr": "Air Jordan Max Aura 2 Basketball Shoes", "action_flag": 1, "change_message": "[{\"added\": {}}]"}}, {"model": "admin.logentry", "pk": 35, "fields": {"action_time": "2021-01-13T14:16:17.706Z", "user": 1, "content_type": 13, "object_id": "21", "object_repr": "Under Armour Stephen Curry 3 Zero Men's Basketball Shoes", "action_flag": 1, "change_message": "[{\"added\": {}}]"}}, {"model": "admin.logentry", "pk": 36, "fields": {"action_time": "2021-01-13T14:16:51.535Z", "user": 1, "content_type": 13, "object_id": "22", "object_repr": "Under HOVR Havoc 2 Mens Trainers", "action_flag": 1, "change_message": "[{\"added\": {}}]"}}, {"model": "admin.logentry", "pk": 37, "fields": {"action_time": "2021-01-13T14:17:44.717Z", "user": 1, "content_type": 13, "object_id": "23", "object_repr": "Asics GT-Xuberance Ladies Running Shoes", "action_flag": 1, "change_message": "[{\"added\": {}}]"}}, {"model": "admin.logentry", "pk": 38, "fields": {"action_time": "2021-01-13T14:18:27.616Z", "user": 1, "content_type": 13, "object_id": "24", "object_repr": "NEW BALANCE Balance 680v Road Running Shoes", "action_flag": 1, "change_message": "[{\"added\": {}}]"}}, {"model": "admin.logentry", "pk": 39, "fields": {"action_time": "2021-01-13T14:19:02.437Z", "user": 1, "content_type": 13, "object_id": "25", "object_repr": "Nike Zoom Pegasus 37 Running Shoes Ladies", "action_flag": 1, "change_message": "[{\"added\": {}}]"}}, {"model": "admin.logentry", "pk": 40, "fields": {"action_time": "2021-01-13T14:19:55.611Z", "user": 1, "content_type": 13, "object_id": "26", "object_repr": "Asics Gel-Kayano 27 Womens Road Running Shoes", "action_flag": 1, "change_message": "[{\"added\": {}}]"}}, {"model": "admin.logentry", "pk": 41, "fields": {"action_time": "2021-01-13T14:20:35.075Z", "user": 1, "content_type": 13, "object_id": "27", "object_repr": "Salomon XA Bondcliff 2 Ladies Trail Running Shoes", "action_flag": 1, "change_message": "[{\"added\": {}}]"}}, {"model": "admin.logentry", "pk": 42, "fields": {"action_time": "2021-01-13T14:21:18.724Z", "user": 1, "content_type": 13, "object_id": "28", "object_repr": "Adidas Supernova Boost Running Shoes Ladies", "action_flag": 1, "change_message": "[{\"added\": {}}]"}}, {"model": "admin.logentry", "pk": 43, "fields": {"action_time": "2021-01-13T14:21:30.189Z", "user": 1, "content_type": 13, "object_id": "10", "object_repr": "Adidas Power 5 Backpack", "action_flag": 2, "change_message": "[{\"changed\": {\"fields\": [\"Name\"]}}]"}}, {"model": "admin.logentry", "pk": 44, "fields": {"action_time": "2021-01-13T14:22:15.080Z", "user": 1, "content_type": 13, "object_id": "29", "object_repr": "Rockport Storm Boots Mens", "action_flag": 1, "change_message": "[{\"added\": {}}]"}}, {"model": "admin.logentry", "pk": 45, "fields": {"action_time": "2021-01-13T14:22:53.905Z", "user": 1, "content_type": 13, "object_id": "30", "object_repr": "Clarks Willis Lad Shoes", "action_flag": 1, "change_message": "[{\"added\": {}}]"}}, {"model": "admin.logentry", "pk": 46, "fields": {"action_time": "2021-01-13T14:23:28.898Z", "user": 1, "content_type": 13, "object_id": "31", "object_repr": "Clarks Tizz Talk Shoes", "action_flag": 1, "change_message": "[{\"added\": {}}]"}}, {"model": "admin.logentry", "pk": 47, "fields": {"action_time": "2021-01-13T14:24:00.834Z", "user": 1, "content_type": 13, "object_id": "32", "object_repr": "NINE WEST Flagship 75 Courts", "action_flag": 1, "change_message": "[{\"added\": {}}]"}}, {"model": "admin.logentry", "pk": 48, "fields": {"action_time": "2021-01-13T14:24:40.734Z", "user": 1, "content_type": 13, "object_id": "33", "object_repr": "L.K. BENNETT Audrey Fine Glitter Courts", "action_flag": 1, "change_message": "[{\"added\": {}}]"}}, {"model": "admin.logentry", "pk": 49, "fields": {"action_time": "2021-01-13T14:25:42.360Z", "user": 1, "content_type": 13, "object_id": "34", "object_repr": "Levis 501 Original Jeans Mens", "action_flag": 1, "change_message": "[{\"added\": {}}]"}}, {"model": "admin.logentry", "pk": 50, "fields": {"action_time": "2021-01-13T14:26:14.359Z", "user": 1, "content_type": 13, "object_id": "35", "object_repr": "Levis 502 Tapered Jeans", "action_flag": 1, "change_message": "[{\"added\": {}}]"}}, {"model": "admin.logentry", "pk": 51, "fields": {"action_time": "2021-01-13T14:26:21.945Z", "user": 1, "content_type": 14, "object_id": "2", "object_repr": "bottoms", "action_flag": 2, "change_message": "[]"}}, {"model": "admin.logentry", "pk": 52, "fields": {"action_time": "2021-01-13T14:26:27.602Z", "user": 1, "content_type": 13, "object_id": "35", "object_repr": "Levis 502 Tapered Jeans", "action_flag": 2, "change_message": "[]"}}, {"model": "admin.logentry", "pk": 53, "fields": {"action_time": "2021-01-13T14:27:05.255Z", "user": 1, "content_type": 13, "object_id": "36", "object_repr": "Levis Ribcage High Rise Straight Jeans", "action_flag": 1, "change_message": "[{\"added\": {}}]"}}, {"model": "admin.logentry", "pk": 54, "fields": {"action_time": "2021-01-13T14:27:47.698Z", "user": 1, "content_type": 13, "object_id": "37", "object_repr": "Levis 724  High-Rise Straight Jeans", "action_flag": 1, "change_message": "[{\"added\": {}}]"}}, {"model": "admin.logentry", "pk": 55, "fields": {"action_time": "2021-01-13T14:28:23.047Z", "user": 1, "content_type": 13, "object_id": "38", "object_repr": "Lee Cooper Bootcut Jeans Mens", "action_flag": 1, "change_message": "[{\"added\": {}}]"}}, {"model": "admin.logentry", "pk": 56, "fields": {"action_time": "2021-01-13T14:29:18.736Z", "user": 1, "content_type": 13, "object_id": "39", "object_repr": "Liam Skinny Jeans by Jack and Jones", "action_flag": 1, "change_message": "[{\"added\": {}}]"}}, {"model": "admin.logentry", "pk": 57, "fields": {"action_time": "2021-01-13T14:32:35.992Z", "user": 1, "content_type": 13, "object_id": "40", "object_repr": "Nike Flex Trousers Mens", "action_flag": 1, "change_message": "[{\"added\": {}}]"}}, {"model": "admin.logentry", "pk": 58, "fields": {"action_time": "2021-01-13T14:33:08.823Z", "user": 1, "content_type": 13, "object_id": "41", "object_repr": "Lee Cooper AOP Jeggings Ladies", "action_flag": 1, "change_message": "[{\"added\": {}}]"}}, {"model": "admin.logentry", "pk": 59, "fields": {"action_time": "2021-01-13T14:33:38.715Z", "user": 1, "content_type": 13, "object_id": "42", "object_repr": "Under Armour 2in1 Shorts Ladies", "action_flag": 1, "change_message": "[{\"added\": {}}]"}}, {"model": "admin.logentry", "pk": 60, "fields": {"action_time": "2021-01-13T14:34:08.861Z", "user": 1, "content_type": 13, "object_id": "43", "object_repr": "Under Armour Qualifier 2 in 1 Shorts Mens", "action_flag": 1, "change_message": "[{\"added\": {}}]"}}, {"model": "admin.logentry", "pk": 61, "fields": {"action_time": "2021-01-13T14:34:43.909Z", "user": 1, "content_type": 13, "object_id": "44", "object_repr": "Adidas 3 Stripe Tights Girls", "action_flag": 1, "change_message": "[{\"added\": {}}]"}}, {"model": "admin.logentry", "pk": 62, "fields": {"action_time": "2021-01-13T14:35:26.507Z", "user": 1, "content_type": 13, "object_id": "45", "object_repr": "USA PRO Seamless Core Leggings", "action_flag": 1, "change_message": "[{\"added\": {}}]"}}, {"model": "admin.logentry", "pk": 63, "fields": {"action_time": "2021-01-13T14:37:07.209Z", "user": 1, "content_type": 13, "object_id": "46", "object_repr": "Under Armour Sportstyle Logo T Shirt Mens", "action_flag": 1, "change_message": "[{\"added\": {}}]"}}, {"model": "admin.logentry", "pk": 64, "fields": {"action_time": "2021-01-13T14:37:51.187Z", "user": 1, "content_type": 13, "object_id": "47", "object_repr": "Under Armour Performance Polo Shirt Mens", "action_flag": 1, "change_message": "[{\"added\": {}}]"}}, {"model": "admin.logentry", "pk": 65, "fields": {"action_time": "2021-01-13T14:38:37.062Z", "user": 1, "content_type": 13, "object_id": "48", "object_repr": "Under Armour Seamless Wave T Shirt Mens", "action_flag": 1, "change_message": "[{\"added\": {}}]"}}, {"model": "admin.logentry", "pk": 66, "fields": {"action_time": "2021-01-13T14:39:13.425Z", "user": 1, "content_type": 13, "object_id": "49", "object_repr": "Under Armour Tech Twist Short Sleeve T-Shirt Ladies", "action_flag": 1, "change_message": "[{\"added\": {}}]"}}, {"model": "admin.logentry", "pk": 67, "fields": {"action_time": "2021-01-13T14:39:49.730Z", "user": 1, "content_type": 13, "object_id": "50", "object_repr": "Under Armour Zinger Golf Polo Shirt Ladies", "action_flag": 1, "change_message": "[{\"added\": {}}]"}}, {"model": "admin.logentry", "pk": 68, "fields": {"action_time": "2021-01-13T14:40:25.964Z", "user": 1, "content_type": 13, "object_id": "51", "object_repr": "Under Armour Charged Cotton T-Shirt Womens", "action_flag": 1, "change_message": "[{\"added\": {}}]"}}, {"model": "admin.logentry", "pk": 69, "fields": {"action_time": "2021-01-13T14:41:09.830Z", "user": 1, "content_type": 13, "object_id": "52", "object_repr": "Nike Miler Short Sleeve T Shirt Mens", "action_flag": 1, "change_message": "[{\"added\": {}}]"}}, {"model": "admin.logentry", "pk": 70, "fields": {"action_time": "2021-01-13T14:41:41.018Z", "user": 1, "content_type": 13, "object_id": "53", "object_repr": "Nike Print Logo T Shirt Mens", "action_flag": 1, "change_message": "[{\"added\": {}}]"}}, {"model": "admin.logentry", "pk": 71, "fields": {"action_time": "2021-01-13T14:42:08.317Z", "user": 1, "content_type": 13, "object_id": "54", "object_repr": "Nike NBA Team T Shirt Mens", "action_flag": 1, "change_message": "[{\"added\": {}}]"}}, {"model": "admin.logentry", "pk": 72, "fields": {"action_time": "2021-01-13T14:42:51.300Z", "user": 1, "content_type": 13, "object_id": "55", "object_repr": "Nike Futura T Shirt Ladies", "action_flag": 1, "change_message": "[{\"added\": {}}]"}}, {"model": "admin.logentry", "pk": 73, "fields": {"action_time": "2021-01-13T14:43:19.314Z", "user": 1, "content_type": 13, "object_id": "56", "object_repr": "Nike JDI Merge T Shirt Ladies", "action_flag": 1, "change_message": "[{\"added\": {}}]"}}, {"model": "admin.logentry", "pk": 74, "fields": {"action_time": "2021-01-13T14:43:57.023Z", "user": 1, "content_type": 13, "object_id": "57", "object_repr": "Nike Academy Pro T Shirt Ladies", "action_flag": 1, "change_message": "[{\"added\": {}}]"}}, {"model": "admin.logentry", "pk": 75, "fields": {"action_time": "2021-01-13T14:44:42.329Z", "user": 1, "content_type": 13, "object_id": "58", "object_repr": "Aadidas Box Linear Texture T Shirt Mens", "action_flag": 1, "change_message": "[{\"added\": {}}]"}}, {"model": "admin.logentry", "pk": 76, "fields": {"action_time": "2021-01-13T14:45:26.498Z", "user": 1, "content_type": 13, "object_id": "59", "object_repr": "Adidas XPR Training T Shirt Men's", "action_flag": 1, "change_message": "[{\"added\": {}}]"}}, {"model": "admin.logentry", "pk": 77, "fields": {"action_time": "2021-01-13T14:46:03.245Z", "user": 1, "content_type": 13, "object_id": "60", "object_repr": "Adidas Sereno Pro T Shirt Mens", "action_flag": 1, "change_message": "[{\"added\": {}}]"}}, {"model": "admin.logentry", "pk": 78, "fields": {"action_time": "2021-01-13T14:46:36.381Z", "user": 1, "content_type": 13, "object_id": "61", "object_repr": "Adidas Essentials 3 Stripe T Shirt Ladies", "action_flag": 1, "change_message": "[{\"added\": {}}]"}}, {"model": "admin.logentry", "pk": 79, "fields": {"action_time": "2021-01-13T14:47:18.808Z", "user": 1, "content_type": 13, "object_id": "62", "object_repr": "Adidas DM2 V Neck T Shirt Ladies", "action_flag": 1, "change_message": "[{\"added\": {}}]"}}, {"model": "admin.logentry", "pk": 80, "fields": {"action_time": "2021-01-13T14:47:48.605Z", "user": 1, "content_type": 13, "object_id": "63", "object_repr": "Adidas 3 Stripe T Shirt Ladies", "action_flag": 1, "change_message": "[{\"added\": {}}]"}}, {"model": "admin.logentry", "pk": 81, "fields": {"action_time": "2021-01-13T14:48:30.260Z", "user": 1, "content_type": 13, "object_id": "64", "object_repr": "Nova Logo T Shirt by Converse", "action_flag": 1, "change_message": "[{\"added\": {}}]"}}, {"model": "admin.logentry", "pk": 82, "fields": {"action_time": "2021-01-13T14:49:00.549Z", "user": 1, "content_type": 13, "object_id": "65", "object_repr": "Chuck Taylor Modern Tee", "action_flag": 1, "change_message": "[{\"added\": {}}]"}}, {"model": "admin.logentry", "pk": 83, "fields": {"action_time": "2021-01-13T14:49:35.855Z", "user": 1, "content_type": 13, "object_id": "66", "object_repr": "Basketball Graphic Tee", "action_flag": 1, "change_message": "[{\"added\": {}}]"}}, {"model": "admin.logentry", "pk": 84, "fields": {"action_time": "2021-01-13T14:50:05.654Z", "user": 1, "content_type": 13, "object_id": "67", "object_repr": "All Star Relaxed Short Sleeve Tee", "action_flag": 1, "change_message": "[{\"added\": {}}]"}}, {"model": "admin.logentry", "pk": 85, "fields": {"action_time": "2021-01-13T14:50:36.452Z", "user": 1, "content_type": 13, "object_id": "68", "object_repr": "Flowers Are Blooming Tee", "action_flag": 1, "change_message": "[{\"added\": {}}]"}}, {"model": "admin.logentry", "pk": 86, "fields": {"action_time": "2021-01-13T14:51:03.614Z", "user": 1, "content_type": 13, "object_id": "69", "object_repr": "Chuck Taylor Wander Crew", "action_flag": 1, "change_message": "[{\"added\": {}}]"}}, {"model": "admin.logentry", "pk": 87, "fields": {"action_time": "2021-01-13T14:51:43.237Z", "user": 1, "content_type": 13, "object_id": "70", "object_repr": "Levis Sunset 1 Pocket T-Shirt", "action_flag": 1, "change_message": "[{\"added\": {}}]"}}, {"model": "admin.logentry", "pk": 88, "fields": {"action_time": "2021-01-13T14:52:09.918Z", "user": 1, "content_type": 13, "object_id": "71", "object_repr": "Levis Relaxed Graphic Tee", "action_flag": 1, "change_message": "[{\"added\": {}}]"}}, {"model": "admin.logentry", "pk": 89, "fields": {"action_time": "2021-01-13T14:52:37.484Z", "user": 1, "content_type": 13, "object_id": "72", "object_repr": "Levis Sportswear Logo Graphic T-Shirt", "action_flag": 1, "change_message": "[{\"added\": {}}]"}}, {"model": "admin.logentry", "pk": 90, "fields": {"action_time": "2021-01-13T14:53:17.052Z", "user": 1, "content_type": 13, "object_id": "73", "object_repr": "Levis Perfect Graphic T-Shirt", "action_flag": 1, "change_message": "[{\"added\": {}}]"}}, {"model": "admin.logentry", "pk": 91, "fields": {"action_time": "2021-01-13T14:53:47.861Z", "user": 1, "content_type": 13, "object_id": "74", "object_repr": "Levis Long Sleeve Graphic Bodysuit", "action_flag": 1, "change_message": "[{\"added\": {}}]"}}, {"model": "admin.logentry", "pk": 92, "fields": {"action_time": "2021-01-13T14:54:16.576Z", "user": 1, "content_type": 13, "object_id": "75", "object_repr": "Levis Ex-Boyfriend Sherpa Trucker Jacket", "action_flag": 1, "change_message": "[{\"added\": {}}]"}}, {"model": "admin.logentry", "pk": 93, "fields": {"action_time": "2021-01-14T16:20:33.346Z", "user": 1, "content_type": 13, "object_id": "2", "object_repr": "Fitbit Versa 3", "action_flag": 2, "change_message": "[{\"changed\": {\"fields\": [\"Image\"]}}]"}}, {"model": "admin.logentry", "pk": 94, "fields": {"action_time": "2021-01-14T23:21:48.109Z", "user": 1, "content_type": 13, "object_id": "58", "object_repr": "Adidas Box Linear Texture T Shirt Mens", "action_flag": 2, "change_message": "[{\"changed\": {\"fields\": [\"Name\"]}}]"}}, {"model": "admin.logentry", "pk": 95, "fields": {"action_time": "2021-01-16T16:56:18.876Z", "user": 1, "content_type": 14, "object_id": "11", "object_repr": "frozen", "action_flag": 1, "change_message": "[{\"added\": {}}]"}}, {"model": "admin.logentry", "pk": 96, "fields": {"action_time": "2021-01-16T16:56:38.455Z", "user": 1, "content_type": 14, "object_id": "12", "object_repr": "dry goods", "action_flag": 1, "change_message": "[{\"added\": {}}]"}}, {"model": "admin.logentry", "pk": 97, "fields": {"action_time": "2021-01-16T16:56:59.395Z", "user": 1, "content_type": 14, "object_id": "13", "object_repr": "condiments", "action_flag": 1, "change_message": "[{\"added\": {}}]"}}, {"model": "admin.logentry", "pk": 98, "fields": {"action_time": "2021-01-16T16:57:07.689Z", "user": 1, "content_type": 14, "object_id": "14", "object_repr": "snacks", "action_flag": 1, "change_message": "[{\"added\": {}}]"}}, {"model": "admin.logentry", "pk": 99, "fields": {"action_time": "2021-01-16T16:57:13.959Z", "user": 1, "content_type": 14, "object_id": "15", "object_repr": "eggs", "action_flag": 1, "change_message": "[{\"added\": {}}]"}}, {"model": "admin.logentry", "pk": 100, "fields": {"action_time": "2021-01-16T16:57:20.210Z", "user": 1, "content_type": 14, "object_id": "16", "object_repr": "meat", "action_flag": 1, "change_message": "[{\"added\": {}}]"}}, {"model": "admin.logentry", "pk": 101, "fields": {"action_time": "2021-01-16T16:57:35.023Z", "user": 1, "content_type": 14, "object_id": "17", "object_repr": "fish", "action_flag": 1, "change_message": "[{\"added\": {}}]"}}, {"model": "admin.logentry", "pk": 102, "fields": {"action_time": "2021-01-16T16:57:54.583Z", "user": 1, "content_type": 14, "object_id": "18", "object_repr": "non-alcoholic", "action_flag": 1, "change_message": "[{\"added\": {}}]"}}, {"model": "admin.logentry", "pk": 103, "fields": {"action_time": "2021-01-16T16:58:05.187Z", "user": 1, "content_type": 14, "object_id": "19", "object_repr": "alcoholic", "action_flag": 1, "change_message": "[{\"added\": {}}]"}}, {"model": "admin.logentry", "pk": 104, "fields": {"action_time": "2021-01-16T16:58:20.556Z", "user": 1, "content_type": 14, "object_id": "20", "object_repr": "detergents", "action_flag": 1, "change_message": "[{\"added\": {}}]"}}, {"model": "admin.logentry", "pk": 105, "fields": {"action_time": "2021-01-16T16:58:34.487Z", "user": 1, "content_type": 14, "object_id": "21", "object_repr": "toiletries", "action_flag": 1, "change_message": "[{\"added\": {}}]"}}, {"model": "admin.logentry", "pk": 106, "fields": {"action_time": "2021-01-16T16:58:46.491Z", "user": 1, "content_type": 14, "object_id": "22", "object_repr": "other household", "action_flag": 1, "change_message": "[{\"added\": {}}]"}}, {"model": "admin.logentry", "pk": 107, "fields": {"action_time": "2021-01-16T17:01:12.705Z", "user": 1, "content_type": 13, "object_id": "76", "object_repr": "Mojitos Tequila Gold", "action_flag": 1, "change_message": "[{\"added\": {}}]"}}, {"model": "admin.logentry", "pk": 108, "fields": {"action_time": "2021-01-16T17:01:59.849Z", "user": 1, "content_type": 13, "object_id": "77", "object_repr": "Tanduay Ice Original", "action_flag": 1, "change_message": "[{\"added\": {}}]"}}, {"model": "admin.logentry", "pk": 109, "fields": {"action_time": "2021-01-16T17:02:43.201Z", "user": 1, "content_type": 13, "object_id": "78", "object_repr": "A0011", "action_flag": 1, "change_message": "[{\"added\": {}}]"}}, {"model": "admin.logentry", "pk": 110, "fields": {"action_time": "2021-01-16T17:03:28.585Z", "user": 1, "content_type": 13, "object_id": "79", "object_repr": "Island Coco Lambanog Bubble Gum", "action_flag": 1, "change_message": "[{\"added\": {}}]"}}, {"model": "admin.logentry", "pk": 111, "fields": {"action_time": "2021-01-16T17:04:18.934Z", "user": 1, "content_type": 13, "object_id": "80", "object_repr": "Island Coco Lambanog Puro", "action_flag": 1, "change_message": "[{\"added\": {}}]"}}, {"model": "admin.logentry", "pk": 112, "fields": {"action_time": "2021-01-16T17:05:04.030Z", "user": 1, "content_type": 13, "object_id": "81", "object_repr": "Gin Premium", "action_flag": 1, "change_message": "[{\"added\": {}}]"}}, {"model": "admin.logentry", "pk": 113, "fields": {"action_time": "2021-01-16T17:05:42.241Z", "user": 1, "content_type": 13, "object_id": "82", "object_repr": "Gin Blue Light", "action_flag": 1, "change_message": "[{\"added\": {}}]"}}, {"model": "admin.logentry", "pk": 114, "fields": {"action_time": "2021-01-16T17:06:28.885Z", "user": 1, "content_type": 13, "object_id": "83", "object_repr": "Gin 4 x 4", "action_flag": 1, "change_message": "[{\"added\": {}}]"}}, {"model": "admin.logentry", "pk": 115, "fields": {"action_time": "2021-01-16T17:07:09.490Z", "user": 1, "content_type": 13, "object_id": "84", "object_repr": "Gin (Round)", "action_flag": 1, "change_message": "[{\"added\": {}}]"}}, {"model": "admin.logentry", "pk": 116, "fields": {"action_time": "2021-01-16T17:07:44.134Z", "user": 1, "content_type": 13, "object_id": "85", "object_repr": "Capt. Morgan Spice Rhum", "action_flag": 1, "change_message": "[{\"added\": {}}]"}}, {"model": "admin.logentry", "pk": 117, "fields": {"action_time": "2021-01-16T17:08:23.105Z", "user": 1, "content_type": 13, "object_id": "86", "object_repr": "Andy Player", "action_flag": 1, "change_message": "[{\"added\": {}}]"}}, {"model": "admin.logentry", "pk": 118, "fields": {"action_time": "2021-01-16T17:08:57.915Z", "user": 1, "content_type": 13, "object_id": "87", "object_repr": "Smirnoff Mule Bottle", "action_flag": 1, "change_message": "[{\"added\": {}}]"}}, {"model": "admin.logentry", "pk": 119, "fields": {"action_time": "2021-01-16T17:09:30.169Z", "user": 1, "content_type": 13, "object_id": "88", "object_repr": "San Mig Pale pilsen in can", "action_flag": 1, "change_message": "[{\"added\": {}}]"}}, {"model": "admin.logentry", "pk": 120, "fields": {"action_time": "2021-01-16T17:10:14.520Z", "user": 1, "content_type": 13, "object_id": "89", "object_repr": "Zesto Grape Juice Drink", "action_flag": 1, "change_message": "[{\"added\": {}}]"}}, {"model": "admin.logentry", "pk": 121, "fields": {"action_time": "2021-01-16T17:10:59.988Z", "user": 1, "content_type": 13, "object_id": "90", "object_repr": "Zesto Apple Juice Drink", "action_flag": 1, "change_message": "[{\"added\": {}}]"}}, {"model": "admin.logentry", "pk": 122, "fields": {"action_time": "2021-01-16T17:11:46.127Z", "user": 1, "content_type": 13, "object_id": "91", "object_repr": "Kopiko Brown Twinpack", "action_flag": 1, "change_message": "[{\"added\": {}}]"}}, {"model": "admin.logentry", "pk": 123, "fields": {"action_time": "2021-01-16T17:12:18.370Z", "user": 1, "content_type": 13, "object_id": "92", "object_repr": "Zesto Root Beer", "action_flag": 1, "change_message": "[{\"added\": {}}]"}}, {"model": "admin.logentry", "pk": 124, "fields": {"action_time": "2021-01-16T17:13:00.103Z", "user": 1, "content_type": 13, "object_id": "93", "object_repr": "NESTEA Iced Tea Apple Blend", "action_flag": 1, "change_message": "[{\"added\": {}}]"}}, {"model": "admin.logentry", "pk": 125, "fields": {"action_time": "2021-01-16T17:13:54.463Z", "user": 1, "content_type": 13, "object_id": "94", "object_repr": "Zesto Orange Juice Drink", "action_flag": 1, "change_message": "[{\"added\": {}}]"}}, {"model": "admin.logentry", "pk": 126, "fields": {"action_time": "2021-01-16T17:14:51.662Z", "user": 1, "content_type": 13, "object_id": "95", "object_repr": "Tang Orange Flavor", "action_flag": 1, "change_message": "[{\"added\": {}}]"}}, {"model": "admin.logentry", "pk": 127, "fields": {"action_time": "2021-01-16T17:15:41.840Z", "user": 1, "content_type": 13, "object_id": "96", "object_repr": "Tang Orange Mango", "action_flag": 1, "change_message": "[{\"added\": {}}]"}}, {"model": "admin.logentry", "pk": 128, "fields": {"action_time": "2021-01-16T17:16:40.159Z", "user": 1, "content_type": 13, "object_id": "97", "object_repr": "Pepsi", "action_flag": 1, "change_message": "[{\"added\": {}}]"}}, {"model": "admin.logentry", "pk": 129, "fields": {"action_time": "2021-01-16T17:17:17.646Z", "user": 1, "content_type": 13, "object_id": "98", "object_repr": "NESCAFE Blend and Brew Brown", "action_flag": 1, "change_message": "[{\"added\": {}}]"}}, {"model": "admin.logentry", "pk": 130, "fields": {"action_time": "2021-01-16T17:17:53.860Z", "user": 1, "content_type": 13, "object_id": "99", "object_repr": "NESCAFE 3-in-1 Creamylatte", "action_flag": 1, "change_message": "[{\"added\": {}}]"}}, {"model": "admin.logentry", "pk": 131, "fields": {"action_time": "2021-01-16T17:18:26.500Z", "user": 1, "content_type": 13, "object_id": "100", "object_repr": "MILO ACTIV-GO", "action_flag": 1, "change_message": "[{\"added\": {}}]"}}, {"model": "admin.logentry", "pk": 132, "fields": {"action_time": "2021-01-16T17:19:06.177Z", "user": 1, "content_type": 13, "object_id": "101", "object_repr": "Kopiko Brown 3 in 1", "action_flag": 1, "change_message": "[{\"added\": {}}]"}}, {"model": "admin.logentry", "pk": 133, "fields": {"action_time": "2021-01-16T17:19:48.941Z", "user": 1, "content_type": 13, "object_id": "102", "object_repr": "Great Taste 3-in-1 White Caramel", "action_flag": 1, "change_message": "[{\"added\": {}}]"}}, {"model": "admin.logentry", "pk": 134, "fields": {"action_time": "2021-01-16T17:20:15.256Z", "user": 1, "content_type": 13, "object_id": "103", "object_repr": "Great Taste 3-in-1 Original", "action_flag": 1, "change_message": "[{\"added\": {}}]"}}, {"model": "admin.logentry", "pk": 135, "fields": {"action_time": "2021-01-16T17:20:47.628Z", "user": 1, "content_type": 13, "object_id": "104", "object_repr": "Coca-Cola Regular 2L", "action_flag": 1, "change_message": "[{\"added\": {}}]"}}, {"model": "admin.logentry", "pk": 136, "fields": {"action_time": "2021-01-16T17:21:28.768Z", "user": 1, "content_type": 13, "object_id": "105", "object_repr": "Coca-Cola Regular 1.5L", "action_flag": 1, "change_message": "[{\"added\": {}}]"}}, {"model": "admin.logentry", "pk": 137, "fields": {"action_time": "2021-01-16T17:22:11.848Z", "user": 1, "content_type": 13, "object_id": "106", "object_repr": "Coca-Cola Light 1.5L", "action_flag": 1, "change_message": "[{\"added\": {}}]"}}, {"model": "admin.logentry", "pk": 138, "fields": {"action_time": "2021-01-16T17:22:43.980Z", "user": 1, "content_type": 13, "object_id": "105", "object_repr": "Coca-Cola Regular 1.5L", "action_flag": 2, "change_message": "[{\"changed\": {\"fields\": [\"Image\"]}}]"}}, {"model": "admin.logentry", "pk": 139, "fields": {"action_time": "2021-01-16T17:23:22.132Z", "user": 1, "content_type": 13, "object_id": "107", "object_repr": "C2 Cool & Clean Lemon Green Tea", "action_flag": 1, "change_message": "[{\"added\": {}}]"}}, {"model": "admin.logentry", "pk": 140, "fields": {"action_time": "2021-01-16T17:23:51.196Z", "user": 1, "content_type": 13, "object_id": "108", "object_repr": "C2 Cool & Clean Lemon Green Tea 1L", "action_flag": 1, "change_message": "[{\"added\": {}}]"}}, {"model": "admin.logentry", "pk": 141, "fields": {"action_time": "2021-01-16T17:24:28.619Z", "user": 1, "content_type": 13, "object_id": "109", "object_repr": "C2 Cool & Clean Classic Green Tea", "action_flag": 1, "change_message": "[{\"added\": {}}]"}}, {"model": "admin.logentry", "pk": 142, "fields": {"action_time": "2021-01-16T17:24:57.255Z", "user": 1, "content_type": 13, "object_id": "110", "object_repr": "C2 Cool & Clean Apple Green Tea 335ML", "action_flag": 1, "change_message": "[{\"added\": {}}]"}}, {"model": "admin.logentry", "pk": 143, "fields": {"action_time": "2021-01-16T17:25:34.551Z", "user": 1, "content_type": 13, "object_id": "111", "object_repr": "Blend45 3 in 1 Coffee Mix", "action_flag": 1, "change_message": "[{\"added\": {}}]"}}, {"model": "admin.logentry", "pk": 144, "fields": {"action_time": "2021-01-16T17:25:56.155Z", "user": 1, "content_type": 13, "object_id": "112", "object_repr": "Sprite Regular 1.5L", "action_flag": 1, "change_message": "[{\"added\": {}}]"}}, {"model": "admin.logentry", "pk": 145, "fields": {"action_time": "2021-01-16T17:26:27.383Z", "user": 1, "content_type": 13, "object_id": "113", "object_repr": "Great Taste White Twin Pack 3 in 1", "action_flag": 1, "change_message": "[{\"added\": {}}]"}}, {"model": "admin.logentry", "pk": 146, "fields": {"action_time": "2021-01-16T17:27:06.574Z", "user": 1, "content_type": 13, "object_id": "114", "object_repr": "Coca-cola Light 2L", "action_flag": 1, "change_message": "[{\"added\": {}}]"}}, {"model": "admin.logentry", "pk": 147, "fields": {"action_time": "2021-01-16T17:27:48.493Z", "user": 1, "content_type": 13, "object_id": "115", "object_repr": "C2 Cool & Clean Apple Green Tea 1L", "action_flag": 1, "change_message": "[{\"added\": {}}]"}}, {"model": "admin.logentry", "pk": 148, "fields": {"action_time": "2021-01-16T17:28:02.236Z", "user": 1, "content_type": 13, "object_id": "88", "object_repr": "San Mig Pale pilsen in can", "action_flag": 2, "change_message": "[{\"changed\": {\"fields\": [\"Image\"]}}]"}}, {"model": "admin.logentry", "pk": 149, "fields": {"action_time": "2021-01-16T17:28:11.826Z", "user": 1, "content_type": 13, "object_id": "85", "object_repr": "Capt. Morgan Spice Rhum", "action_flag": 2, "change_message": "[{\"changed\": {\"fields\": [\"Image\"]}}]"}}, {"model": "admin.logentry", "pk": 150, "fields": {"action_time": "2021-01-16T17:29:01.840Z", "user": 1, "content_type": 13, "object_id": "78", "object_repr": "San Mig Light Can 330mL", "action_flag": 2, "change_message": "[{\"changed\": {\"fields\": [\"Sku\", \"Name\"]}}]"}}, {"model": "admin.logentry", "pk": 151, "fields": {"action_time": "2021-01-16T17:31:04.809Z", "user": 1, "content_type": 13, "object_id": "116", "object_repr": "Fresh Eggs Medium (Tray)", "action_flag": 1, "change_message": "[{\"added\": {}}]"}}, {"model": "admin.logentry", "pk": 152, "fields": {"action_time": "2021-01-16T17:31:48.192Z", "user": 1, "content_type": 13, "object_id": "117", "object_repr": "Fresh Eggs Small (Tray)", "action_flag": 1, "change_message": "[{\"added\": {}}]"}}, {"model": "admin.logentry", "pk": 153, "fields": {"action_time": "2021-01-16T17:32:16.500Z", "user": 1, "content_type": 13, "object_id": "118", "object_repr": "Fresh Eggs XL (Tray)", "action_flag": 1, "change_message": "[{\"added\": {}}]"}}, {"model": "admin.logentry", "pk": 154, "fields": {"action_time": "2021-01-16T17:32:51.646Z", "user": 1, "content_type": 13, "object_id": "119", "object_repr": "Fresh Eggs Large (Tray)", "action_flag": 1, "change_message": "[{\"added\": {}}]"}}, {"model": "admin.logentry", "pk": 155, "fields": {"action_time": "2021-01-16T17:33:19.992Z", "user": 1, "content_type": 13, "object_id": "120", "object_repr": "Free Range Eggs", "action_flag": 1, "change_message": "[{\"added\": {}}]"}}, {"model": "admin.logentry", "pk": 156, "fields": {"action_time": "2021-01-16T17:34:40.888Z", "user": 1, "content_type": 13, "object_id": "121", "object_repr": "Whole Fresh Chicken Regular", "action_flag": 1, "change_message": "[{\"added\": {}}]"}}, {"model": "admin.logentry", "pk": 157, "fields": {"action_time": "2021-01-16T17:35:33.006Z", "user": 1, "content_type": 13, "object_id": "122", "object_repr": "Native Chicken", "action_flag": 1, "change_message": "[{\"added\": {}}]"}}, {"model": "admin.logentry", "pk": 158, "fields": {"action_time": "2021-01-16T17:36:20.751Z", "user": 1, "content_type": 13, "object_id": "123", "object_repr": "Broiler", "action_flag": 1, "change_message": "[{\"added\": {}}]"}}, {"model": "admin.logentry", "pk": 159, "fields": {"action_time": "2021-01-16T17:37:03.365Z", "user": 1, "content_type": 13, "object_id": "124", "object_repr": "Tilapia", "action_flag": 1, "change_message": "[{\"added\": {}}]"}}, {"model": "admin.logentry", "pk": 160, "fields": {"action_time": "2021-01-16T17:37:33.415Z", "user": 1, "content_type": 13, "object_id": "125", "object_repr": "Bangus", "action_flag": 1, "change_message": "[{\"added\": {}}]"}}, {"model": "admin.logentry", "pk": 161, "fields": {"action_time": "2021-01-16T17:38:51.430Z", "user": 1, "content_type": 14, "object_id": "23", "object_repr": "fruits", "action_flag": 1, "change_message": "[{\"added\": {}}]"}}, {"model": "admin.logentry", "pk": 162, "fields": {"action_time": "2021-01-16T17:39:03.621Z", "user": 1, "content_type": 14, "object_id": "24", "object_repr": "vegetables", "action_flag": 1, "change_message": "[{\"added\": {}}]"}}, {"model": "admin.logentry", "pk": 163, "fields": {"action_time": "2021-01-16T17:40:15.227Z", "user": 1, "content_type": 13, "object_id": "126", "object_repr": "Dragon Fruit", "action_flag": 1, "change_message": "[{\"added\": {}}]"}}, {"model": "admin.logentry", "pk": 164, "fields": {"action_time": "2021-01-16T17:40:51.213Z", "user": 1, "content_type": 13, "object_id": "127", "object_repr": "Banana Saba", "action_flag": 1, "change_message": "[{\"added\": {}}]"}}, {"model": "admin.logentry", "pk": 165, "fields": {"action_time": "2021-01-16T17:41:19.896Z", "user": 1, "content_type": 13, "object_id": "128", "object_repr": "Papaya ripe", "action_flag": 1, "change_message": "[{\"added\": {}}]"}}, {"model": "admin.logentry", "pk": 166, "fields": {"action_time": "2021-01-16T17:41:51.599Z", "user": 1, "content_type": 13, "object_id": "129", "object_repr": "Banana Lakatan", "action_flag": 1, "change_message": "[{\"added\": {}}]"}}, {"model": "admin.logentry", "pk": 167, "fields": {"action_time": "2021-01-16T17:42:18.074Z", "user": 1, "content_type": 13, "object_id": "130", "object_repr": "Kamote", "action_flag": 1, "change_message": "[{\"added\": {}}]"}}, {"model": "admin.logentry", "pk": 168, "fields": {"action_time": "2021-01-16T17:42:44.484Z", "user": 1, "content_type": 13, "object_id": "131", "object_repr": "Papayang Puti", "action_flag": 1, "change_message": "[{\"added\": {}}]"}}, {"model": "admin.logentry", "pk": 169, "fields": {"action_time": "2021-01-16T17:43:57.922Z", "user": 1, "content_type": 13, "object_id": "132", "object_repr": "Calamansi", "action_flag": 1, "change_message": "[{\"added\": {}}]"}}, {"model": "admin.logentry", "pk": 170, "fields": {"action_time": "2021-01-16T17:44:47.552Z", "user": 1, "content_type": 13, "object_id": "133", "object_repr": "Tomatoes", "action_flag": 1, "change_message": "[{\"added\": {}}]"}}, {"model": "admin.logentry", "pk": 171, "fields": {"action_time": "2021-01-16T17:46:10.010Z", "user": 1, "content_type": 13, "object_id": "134", "object_repr": "Tanglad", "action_flag": 1, "change_message": "[{\"added\": {}}]"}}, {"model": "admin.logentry", "pk": 172, "fields": {"action_time": "2021-01-16T17:46:36.301Z", "user": 1, "content_type": 13, "object_id": "135", "object_repr": "Siling Labuyo", "action_flag": 1, "change_message": "[{\"added\": {}}]"}}, {"model": "admin.logentry", "pk": 173, "fields": {"action_time": "2021-01-16T17:47:05.929Z", "user": 1, "content_type": 13, "object_id": "136", "object_repr": "Puso ng Saging", "action_flag": 1, "change_message": "[{\"added\": {}}]"}}, {"model": "admin.logentry", "pk": 174, "fields": {"action_time": "2021-01-16T17:47:54.309Z", "user": 1, "content_type": 13, "object_id": "137", "object_repr": "Kangkong", "action_flag": 1, "change_message": "[{\"added\": {}}]"}}, {"model": "admin.logentry", "pk": 175, "fields": {"action_time": "2021-01-16T17:48:42.428Z", "user": 1, "content_type": 13, "object_id": "138", "object_repr": "Saluyot", "action_flag": 1, "change_message": "[{\"added\": {}}]"}}, {"model": "admin.logentry", "pk": 176, "fields": {"action_time": "2021-01-16T17:49:28.647Z", "user": 1, "content_type": 13, "object_id": "139", "object_repr": "Gabi", "action_flag": 1, "change_message": "[{\"added\": {}}]"}}, {"model": "admin.logentry", "pk": 177, "fields": {"action_time": "2021-01-16T17:49:56.624Z", "user": 1, "content_type": 13, "object_id": "140", "object_repr": "Dahon ng Sili", "action_flag": 1, "change_message": "[{\"added\": {}}]"}}, {"model": "admin.logentry", "pk": 178, "fields": {"action_time": "2021-01-16T17:50:23.944Z", "user": 1, "content_type": 13, "object_id": "141", "object_repr": "Spring Onions", "action_flag": 1, "change_message": "[{\"added\": {}}]"}}, {"model": "admin.logentry", "pk": 179, "fields": {"action_time": "2021-01-16T17:50:46.459Z", "user": 1, "content_type": 13, "object_id": "142", "object_repr": "Native Pechay", "action_flag": 1, "change_message": "[{\"added\": {}}]"}}, {"model": "admin.logentry", "pk": 180, "fields": {"action_time": "2021-01-16T17:51:11.090Z", "user": 1, "content_type": 13, "object_id": "143", "object_repr": "Cabbage", "action_flag": 1, "change_message": "[{\"added\": {}}]"}}, {"model": "admin.logentry", "pk": 181, "fields": {"action_time": "2021-01-16T17:51:49.482Z", "user": 1, "content_type": 13, "object_id": "144", "object_repr": "Sayote", "action_flag": 1, "change_message": "[{\"added\": {}}]"}}, {"model": "admin.logentry", "pk": 182, "fields": {"action_time": "2021-01-16T17:52:28.211Z", "user": 1, "content_type": 13, "object_id": "145", "object_repr": "Eggplant", "action_flag": 1, "change_message": "[{\"added\": {}}]"}}, {"model": "admin.logentry", "pk": 183, "fields": {"action_time": "2021-01-16T17:53:06.541Z", "user": 1, "content_type": 13, "object_id": "146", "object_repr": "Okra", "action_flag": 1, "change_message": "[{\"added\": {}}]"}}, {"model": "admin.logentry", "pk": 184, "fields": {"action_time": "2021-01-16T17:53:47.882Z", "user": 1, "content_type": 13, "object_id": "147", "object_repr": "Squash", "action_flag": 1, "change_message": "[{\"added\": {}}]"}}, {"model": "admin.logentry", "pk": 185, "fields": {"action_time": "2021-01-16T18:07:33.846Z", "user": 1, "content_type": 13, "object_id": "148", "object_repr": "Zonrox Bleach Original", "action_flag": 1, "change_message": "[{\"added\": {}}]"}}, {"model": "admin.logentry", "pk": 186, "fields": {"action_time": "2021-01-16T18:08:16.698Z", "user": 1, "content_type": 13, "object_id": "149", "object_repr": "Surf Powder Detergent Sun Fresh Pouch", "action_flag": 1, "change_message": "[{\"added\": {}}]"}}, {"model": "admin.logentry", "pk": 187, "fields": {"action_time": "2021-01-16T18:08:48.968Z", "user": 1, "content_type": 13, "object_id": "150", "object_repr": "Tide Powder Detergent Original", "action_flag": 1, "change_message": "[{\"added\": {}}]"}}, {"model": "admin.logentry", "pk": 188, "fields": {"action_time": "2021-01-16T18:09:40.768Z", "user": 1, "content_type": 13, "object_id": "151", "object_repr": "Ariel Liquid Detergent w/ Downy Bottle", "action_flag": 1, "change_message": "[{\"added\": {}}]"}}, {"model": "admin.logentry", "pk": 189, "fields": {"action_time": "2021-01-16T18:10:49.902Z", "user": 1, "content_type": 13, "object_id": "152", "object_repr": "Ariel Powder Detergent Instashine Fresh Clean", "action_flag": 1, "change_message": "[{\"added\": {}}]"}}, {"model": "admin.logentry", "pk": 190, "fields": {"action_time": "2021-01-16T18:11:34.148Z", "user": 1, "content_type": 13, "object_id": "153", "object_repr": "Comfort Liquid Care Detergent Casual Care Bottle", "action_flag": 1, "change_message": "[{\"added\": {}}]"}}, {"model": "admin.logentry", "pk": 191, "fields": {"action_time": "2021-01-16T18:12:05.830Z", "user": 1, "content_type": 13, "object_id": "154", "object_repr": "Downy Fabric Conditioner Passion Refill", "action_flag": 1, "change_message": "[{\"added\": {}}]"}}, {"model": "admin.logentry", "pk": 192, "fields": {"action_time": "2021-01-16T18:13:47.379Z", "user": 1, "content_type": 13, "object_id": "155", "object_repr": "Baygon Multi Insect Killer", "action_flag": 1, "change_message": "[{\"added\": {}}]"}}, {"model": "admin.logentry", "pk": 193, "fields": {"action_time": "2021-01-16T18:14:18.534Z", "user": 1, "content_type": 13, "object_id": "156", "object_repr": "Baygon Mosquito Killer Coil Lavender", "action_flag": 1, "change_message": "[{\"added\": {}}]"}}, {"model": "admin.logentry", "pk": 194, "fields": {"action_time": "2021-01-16T18:14:44.651Z", "user": 1, "content_type": 13, "object_id": "155", "object_repr": "Baygon Multi Insect Killer", "action_flag": 2, "change_message": "[{\"changed\": {\"fields\": [\"Category\"]}}]"}}, {"model": "admin.logentry", "pk": 195, "fields": {"action_time": "2021-01-16T18:15:07.474Z", "user": 1, "content_type": 13, "object_id": "157", "object_repr": "Baygon Protector Crawling Insects Killer", "action_flag": 1, "change_message": "[{\"added\": {}}]"}}, {"model": "admin.logentry", "pk": 196, "fields": {"action_time": "2021-01-16T18:15:45.977Z", "user": 1, "content_type": 13, "object_id": "158", "object_repr": "Domex Multi Purpose Cleaner Classic Blue", "action_flag": 1, "change_message": "[{\"added\": {}}]"}}, {"model": "admin.logentry", "pk": 197, "fields": {"action_time": "2021-01-16T18:16:07.581Z", "user": 1, "content_type": 13, "object_id": "159", "object_repr": "Duck Deep Action Gel Lavander", "action_flag": 1, "change_message": "[{\"added\": {}}]"}}, {"model": "admin.logentry", "pk": 198, "fields": {"action_time": "2021-01-16T18:16:34.567Z", "user": 1, "content_type": 13, "object_id": "160", "object_repr": "Femme Bathroom Tissue 2Ply 300 Sheets", "action_flag": 1, "change_message": "[{\"added\": {}}]"}}, {"model": "admin.logentry", "pk": 199, "fields": {"action_time": "2021-01-16T18:17:00.918Z", "user": 1, "content_type": 13, "object_id": "161", "object_repr": "Kleenex Bathroom Tissue Ultra Soft 3Ply 165 Sheets", "action_flag": 1, "change_message": "[{\"added\": {}}]"}}, {"model": "admin.logentry", "pk": 200, "fields": {"action_time": "2021-01-16T18:17:24.359Z", "user": 1, "content_type": 13, "object_id": "162", "object_repr": "Band Aid Alcohol Isopropyl", "action_flag": 1, "change_message": "[{\"added\": {}}]"}}, {"model": "admin.logentry", "pk": 201, "fields": {"action_time": "2021-01-16T18:17:50.651Z", "user": 1, "content_type": 13, "object_id": "163", "object_repr": "Green Cross Alcohol Ethyl 70% with Moisturizer", "action_flag": 1, "change_message": "[{\"added\": {}}]"}}, {"model": "admin.logentry", "pk": 202, "fields": {"action_time": "2021-01-16T18:18:20.936Z", "user": 1, "content_type": 13, "object_id": "164", "object_repr": "Modess Sanitary Pads All Night Cottony Soft with Wings", "action_flag": 1, "change_message": "[{\"added\": {}}]"}}, {"model": "admin.logentry", "pk": 203, "fields": {"action_time": "2021-01-16T18:18:55.710Z", "user": 1, "content_type": 13, "object_id": "165", "object_repr": "Carefree Panty Liners Super Dry", "action_flag": 1, "change_message": "[{\"added\": {}}]"}}, {"model": "admin.logentry", "pk": 204, "fields": {"action_time": "2021-01-16T18:19:37.360Z", "user": 1, "content_type": 13, "object_id": "166", "object_repr": "Colgate Anti-Cavity Family", "action_flag": 1, "change_message": "[{\"added\": {}}]"}}, {"model": "admin.logentry", "pk": 205, "fields": {"action_time": "2021-01-16T18:20:08.934Z", "user": 1, "content_type": 13, "object_id": "167", "object_repr": "Colgate Anti Cavity Family Toothpaste Triple Action", "action_flag": 1, "change_message": "[{\"added\": {}}]"}}, {"model": "admin.logentry", "pk": 206, "fields": {"action_time": "2021-01-16T18:20:42.259Z", "user": 1, "content_type": 13, "object_id": "168", "object_repr": "Creamsilk Conditioner Dry Rescue", "action_flag": 1, "change_message": "[{\"added\": {}}]"}}, {"model": "admin.logentry", "pk": 207, "fields": {"action_time": "2021-01-16T18:21:12.859Z", "user": 1, "content_type": 13, "object_id": "169", "object_repr": "Listerine Coolmint Zero", "action_flag": 1, "change_message": "[{\"added\": {}}]"}}, {"model": "admin.logentry", "pk": 208, "fields": {"action_time": "2021-01-16T18:21:52.177Z", "user": 1, "content_type": 13, "object_id": "170", "object_repr": "Axe Dry Anti-Perspirant Deodorant Roll On", "action_flag": 1, "change_message": "[{\"added\": {}}]"}}, {"model": "admin.logentry", "pk": 209, "fields": {"action_time": "2021-01-16T18:22:21.857Z", "user": 1, "content_type": 13, "object_id": "171", "object_repr": "Axe Dry Anti-Perspirant Deodorant Roll On Dark Temptation", "action_flag": 1, "change_message": "[{\"added\": {}}]"}}, {"model": "admin.logentry", "pk": 210, "fields": {"action_time": "2021-01-16T18:22:57.458Z", "user": 1, "content_type": 13, "object_id": "172", "object_repr": "Baby Dove Rich Moisture Baby Bar Soap", "action_flag": 1, "change_message": "[{\"added\": {}}]"}}, {"model": "admin.logentry", "pk": 211, "fields": {"action_time": "2021-01-16T18:23:25.807Z", "user": 1, "content_type": 13, "object_id": "173", "object_repr": "Bactidol Oral Antiseptic", "action_flag": 1, "change_message": "[{\"added\": {}}]"}}, {"model": "admin.logentry", "pk": 212, "fields": {"action_time": "2021-01-16T18:24:00.203Z", "user": 1, "content_type": 13, "object_id": "174", "object_repr": "Clear Anti-Dandruff Men Shampoo", "action_flag": 1, "change_message": "[{\"added\": {}}]"}}, {"model": "admin.logentry", "pk": 213, "fields": {"action_time": "2021-01-16T18:24:25.317Z", "user": 1, "content_type": 13, "object_id": "175", "object_repr": "Clear Men Shampoo Cool Sport", "action_flag": 1, "change_message": "[{\"added\": {}}]"}}, {"model": "admin.logentry", "pk": 214, "fields": {"action_time": "2021-01-16T18:26:35.055Z", "user": 1, "content_type": 13, "object_id": "176", "object_repr": "Close Up Gel Toothpaste", "action_flag": 1, "change_message": "[{\"added\": {}}]"}}, {"model": "admin.logentry", "pk": 215, "fields": {"action_time": "2021-01-16T18:26:55.795Z", "user": 1, "content_type": 13, "object_id": "177", "object_repr": "Dove Body Soap Men", "action_flag": 1, "change_message": "[{\"added\": {}}]"}}, {"model": "admin.logentry", "pk": 216, "fields": {"action_time": "2021-01-16T18:28:36.611Z", "user": 1, "content_type": 13, "object_id": "178", "object_repr": "Dove Deodorant Spray", "action_flag": 1, "change_message": "[{\"added\": {}}]"}}, {"model": "admin.logentry", "pk": 217, "fields": {"action_time": "2021-01-16T18:30:58.253Z", "user": 1, "content_type": 13, "object_id": "179", "object_repr": "UFC Gravy", "action_flag": 1, "change_message": "[{\"added\": {}}]"}}, {"model": "admin.logentry", "pk": 218, "fields": {"action_time": "2021-01-16T18:32:12.390Z", "user": 1, "content_type": 13, "object_id": "180", "object_repr": "Datu Puti Oyster Sauce", "action_flag": 1, "change_message": "[{\"added\": {}}]"}}, {"model": "admin.logentry", "pk": 219, "fields": {"action_time": "2021-01-16T18:32:37.619Z", "user": 1, "content_type": 13, "object_id": "181", "object_repr": "Datu Puti Soy Sauce", "action_flag": 1, "change_message": "[{\"added\": {}}]"}}, {"model": "admin.logentry", "pk": 220, "fields": {"action_time": "2021-01-16T18:33:11.119Z", "user": 1, "content_type": 13, "object_id": "182", "object_repr": "Maggi Supreme Sarap", "action_flag": 1, "change_message": "[{\"added\": {}}]"}}, {"model": "admin.logentry", "pk": 221, "fields": {"action_time": "2021-01-16T18:33:45.554Z", "user": 1, "content_type": 13, "object_id": "183", "object_repr": "Knorr Liquid Seasoning Original", "action_flag": 1, "change_message": "[{\"added\": {}}]"}}, {"model": "admin.logentry", "pk": 222, "fields": {"action_time": "2021-01-16T18:34:18.176Z", "user": 1, "content_type": 13, "object_id": "184", "object_repr": "Mang Tomas", "action_flag": 1, "change_message": "[{\"added\": {}}]"}}, {"model": "admin.logentry", "pk": 223, "fields": {"action_time": "2021-01-16T18:34:48.288Z", "user": 1, "content_type": 13, "object_id": "185", "object_repr": "Datu Puti Vinegar", "action_flag": 1, "change_message": "[{\"added\": {}}]"}}, {"model": "admin.logentry", "pk": 224, "fields": {"action_time": "2021-01-16T18:35:35.178Z", "user": 1, "content_type": 13, "object_id": "186", "object_repr": "Knorr Sinigang Mix", "action_flag": 1, "change_message": "[{\"added\": {}}]"}}, {"model": "admin.logentry", "pk": 225, "fields": {"action_time": "2021-01-16T18:36:12.761Z", "user": 1, "content_type": 13, "object_id": "187", "object_repr": "Del Monte Ketchup", "action_flag": 1, "change_message": "[{\"added\": {}}]"}}, {"model": "admin.logentry", "pk": 226, "fields": {"action_time": "2021-01-16T18:36:45.458Z", "user": 1, "content_type": 13, "object_id": "188", "object_repr": "Knorr Pork Cubes", "action_flag": 1, "change_message": "[{\"added\": {}}]"}}, {"model": "admin.logentry", "pk": 227, "fields": {"action_time": "2021-01-16T18:37:17.220Z", "user": 1, "content_type": 13, "object_id": "189", "object_repr": "Datu Puti Vinegar 385ML", "action_flag": 1, "change_message": "[{\"added\": {}}]"}}, {"model": "admin.logentry", "pk": 228, "fields": {"action_time": "2021-01-16T18:37:43.891Z", "user": 1, "content_type": 13, "object_id": "190", "object_repr": "Datu Puti Spiced Vinegar 350ML", "action_flag": 1, "change_message": "[{\"added\": {}}]"}}, {"model": "admin.logentry", "pk": 229, "fields": {"action_time": "2021-01-16T18:38:17.566Z", "user": 1, "content_type": 13, "object_id": "191", "object_repr": "Datu Puti Soy Sauce 385ML", "action_flag": 1, "change_message": "[{\"added\": {}}]"}}, {"model": "admin.logentry", "pk": 230, "fields": {"action_time": "2021-01-16T18:38:47.174Z", "user": 1, "content_type": 13, "object_id": "192", "object_repr": "McCormick Iodized Salt 300G", "action_flag": 1, "change_message": "[{\"added\": {}}]"}}, {"model": "admin.logentry", "pk": 231, "fields": {"action_time": "2021-01-16T18:39:27.014Z", "user": 1, "content_type": 13, "object_id": "193", "object_repr": "McCormick Iodized Salt 1KG", "action_flag": 1, "change_message": "[{\"added\": {}}]"}}, {"model": "admin.logentry", "pk": 232, "fields": {"action_time": "2021-01-16T18:40:19.606Z", "user": 1, "content_type": 13, "object_id": "194", "object_repr": "Purefoods Tender Juicy Hotdog", "action_flag": 1, "change_message": "[{\"added\": {}}]"}}, {"model": "admin.logentry", "pk": 233, "fields": {"action_time": "2021-01-16T18:40:52.117Z", "user": 1, "content_type": 13, "object_id": "195", "object_repr": "Pampanga's Best Tocino", "action_flag": 1, "change_message": "[{\"added\": {}}]"}}, {"model": "admin.logentry", "pk": 234, "fields": {"action_time": "2021-01-16T18:41:20.841Z", "user": 1, "content_type": 13, "object_id": "196", "object_repr": "Bibbo Cheesedog", "action_flag": 1, "change_message": "[{\"added\": {}}]"}}, {"model": "admin.logentry", "pk": 235, "fields": {"action_time": "2021-01-16T18:42:16.197Z", "user": 1, "content_type": 13, "object_id": "197", "object_repr": "Bingo Chicken Nuggets", "action_flag": 1, "change_message": "[{\"added\": {}}]"}}, {"model": "admin.logentry", "pk": 236, "fields": {"action_time": "2021-01-16T18:42:42.429Z", "user": 1, "content_type": 13, "object_id": "198", "object_repr": "CDO Funtastyk Tocino", "action_flag": 1, "change_message": "[{\"added\": {}}]"}}, {"model": "admin.logentry", "pk": 237, "fields": {"action_time": "2021-01-16T18:44:30.692Z", "user": 1, "content_type": 13, "object_id": "199", "object_repr": "CDO Skinless Longganisa", "action_flag": 1, "change_message": "[{\"added\": {}}]"}}, {"model": "admin.logentry", "pk": 238, "fields": {"action_time": "2021-01-16T18:45:01.620Z", "user": 1, "content_type": 13, "object_id": "200", "object_repr": "CDO Ulam Burger", "action_flag": 1, "change_message": "[{\"added\": {}}]"}}, {"model": "admin.logentry", "pk": 239, "fields": {"action_time": "2021-01-16T18:45:32.590Z", "user": 1, "content_type": 13, "object_id": "201", "object_repr": "King Sue Bacon", "action_flag": 1, "change_message": "[{\"added\": {}}]"}}, {"model": "admin.logentry", "pk": 240, "fields": {"action_time": "2021-01-16T18:46:01.059Z", "user": 1, "content_type": 13, "object_id": "202", "object_repr": "King Sue Franks", "action_flag": 1, "change_message": "[{\"added\": {}}]"}}, {"model": "admin.logentry", "pk": 241, "fields": {"action_time": "2021-01-16T18:47:15.104Z", "user": 1, "content_type": 13, "object_id": "203", "object_repr": "Regent Cheese Ring", "action_flag": 1, "change_message": "[{\"added\": {}}]"}}, {"model": "admin.logentry", "pk": 242, "fields": {"action_time": "2021-01-16T18:47:55.510Z", "user": 1, "content_type": 13, "object_id": "204", "object_repr": "Piattos", "action_flag": 1, "change_message": "[{\"added\": {}}]"}}, {"model": "admin.logentry", "pk": 243, "fields": {"action_time": "2021-01-16T18:48:35.037Z", "user": 1, "content_type": 13, "object_id": "203", "object_repr": "Cheese Ring", "action_flag": 2, "change_message": "[{\"changed\": {\"fields\": [\"Name\"]}}]"}}, {"model": "admin.logentry", "pk": 244, "fields": {"action_time": "2021-01-16T18:49:11.028Z", "user": 1, "content_type": 13, "object_id": "205", "object_repr": "Chippy", "action_flag": 1, "change_message": "[{\"added\": {}}]"}}, {"model": "admin.logentry", "pk": 245, "fields": {"action_time": "2021-01-16T18:49:36.477Z", "user": 1, "content_type": 13, "object_id": "206", "object_repr": "Doritos", "action_flag": 1, "change_message": "[{\"added\": {}}]"}}, {"model": "admin.logentry", "pk": 246, "fields": {"action_time": "2021-01-16T18:50:26.365Z", "user": 1, "content_type": 13, "object_id": "207", "object_repr": "Oreo", "action_flag": 1, "change_message": "[{\"added\": {}}]"}}, {"model": "admin.logentry", "pk": 247, "fields": {"action_time": "2021-01-16T18:50:48.747Z", "user": 1, "content_type": 13, "object_id": "208", "object_repr": "Bingo", "action_flag": 1, "change_message": "[{\"added\": {}}]"}}, {"model": "admin.logentry", "pk": 248, "fields": {"action_time": "2021-01-16T18:51:28.433Z", "user": 1, "content_type": 13, "object_id": "209", "object_repr": "Boy Bawang", "action_flag": 1, "change_message": "[{\"added\": {}}]"}}, {"model": "admin.logentry", "pk": 249, "fields": {"action_time": "2021-01-16T18:52:20.789Z", "user": 1, "content_type": 14, "object_id": "12", "object_repr": "dry goods", "action_flag": 3, "change_message": ""}}, {"model": "admin.logentry", "pk": 250, "fields": {"action_time": "2021-01-16T18:52:29.070Z", "user": 1, "content_type": 14, "object_id": "25", "object_repr": "canned goods", "action_flag": 1, "change_message": "[{\"added\": {}}]"}}, {"model": "admin.logentry", "pk": 251, "fields": {"action_time": "2021-01-16T18:52:40.787Z", "user": 1, "content_type": 14, "object_id": "26", "object_repr": "instant noodles", "action_flag": 1, "change_message": "[{\"added\": {}}]"}}, {"model": "admin.logentry", "pk": 252, "fields": {"action_time": "2021-01-16T18:55:04.295Z", "user": 1, "content_type": 14, "object_id": "27", "object_repr": "cooking Oil", "action_flag": 1, "change_message": "[{\"added\": {}}]"}}, {"model": "admin.logentry", "pk": 253, "fields": {"action_time": "2021-01-16T18:55:57.603Z", "user": 1, "content_type": 13, "object_id": "210", "object_repr": "Baguio Canola Oil", "action_flag": 1, "change_message": "[{\"added\": {}}]"}}, {"model": "admin.logentry", "pk": 254, "fields": {"action_time": "2021-01-16T18:57:24.188Z", "user": 1, "content_type": 13, "object_id": "211", "object_repr": "Golden Fiesta Canola Oil", "action_flag": 1, "change_message": "[{\"added\": {}}]"}}, {"model": "admin.logentry", "pk": 255, "fields": {"action_time": "2021-01-16T18:58:13.265Z", "user": 1, "content_type": 13, "object_id": "212", "object_repr": "Jolly Canola Oil", "action_flag": 1, "change_message": "[{\"added\": {}}]"}}, {"model": "admin.logentry", "pk": 256, "fields": {"action_time": "2021-01-16T18:58:41.435Z", "user": 1, "content_type": 13, "object_id": "213", "object_repr": "Jolly Claro Palm Oil", "action_flag": 1, "change_message": "[{\"added\": {}}]"}}, {"model": "admin.logentry", "pk": 257, "fields": {"action_time": "2021-01-16T18:59:34.254Z", "user": 1, "content_type": 13, "object_id": "214", "object_repr": "Pancit Canton Original", "action_flag": 1, "change_message": "[{\"added\": {}}]"}}, {"model": "admin.logentry", "pk": 258, "fields": {"action_time": "2021-01-16T19:00:07.240Z", "user": 1, "content_type": 13, "object_id": "215", "object_repr": "Pancit Canton Sweet and Spicy", "action_flag": 1, "change_message": "[{\"added\": {}}]"}}, {"model": "admin.logentry", "pk": 259, "fields": {"action_time": "2021-01-16T19:00:49.647Z", "user": 1, "content_type": 13, "object_id": "216", "object_repr": "Payless Mami", "action_flag": 1, "change_message": "[{\"added\": {}}]"}}, {"model": "admin.logentry", "pk": 260, "fields": {"action_time": "2021-01-16T19:01:42.389Z", "user": 1, "content_type": 13, "object_id": "217", "object_repr": "Payless Canton Chili-mansi", "action_flag": 1, "change_message": "[{\"added\": {}}]"}}, {"model": "admin.logentry", "pk": 261, "fields": {"action_time": "2021-01-16T19:03:00.444Z", "user": 1, "content_type": 13, "object_id": "218", "object_repr": "Payless Canton Kalamansi", "action_flag": 1, "change_message": "[{\"added\": {}}]"}}, {"model": "admin.logentry", "pk": 262, "fields": {"action_time": "2021-01-16T19:03:34.560Z", "user": 1, "content_type": 13, "object_id": "219", "object_repr": "Payless Canton Xtra Hot", "action_flag": 1, "change_message": "[{\"added\": {}}]"}}, {"model": "admin.logentry", "pk": 263, "fields": {"action_time": "2021-01-16T19:05:25.786Z", "user": 1, "content_type": 13, "object_id": "220", "object_repr": "Lucky Me Instant Noodles Spicy Beef", "action_flag": 1, "change_message": "[{\"added\": {}}]"}}, {"model": "admin.logentry", "pk": 264, "fields": {"action_time": "2021-01-16T19:05:54.683Z", "user": 1, "content_type": 13, "object_id": "221", "object_repr": "Lucky Me Pancit Canton Hot Chili", "action_flag": 1, "change_message": "[{\"added\": {}}]"}}, {"model": "admin.logentry", "pk": 265, "fields": {"action_time": "2021-01-16T19:06:19.531Z", "user": 1, "content_type": 13, "object_id": "222", "object_repr": "Lucky Me Pancit Canton Original", "action_flag": 1, "change_message": "[{\"added\": {}}]"}}, {"model": "admin.logentry", "pk": 266, "fields": {"action_time": "2021-01-16T19:06:54.328Z", "user": 1, "content_type": 13, "object_id": "223", "object_repr": "Lucky Me Pancit Canton Chili Mansi", "action_flag": 1, "change_message": "[{\"added\": {}}]"}}, {"model": "admin.logentry", "pk": 267, "fields": {"action_time": "2021-01-16T19:07:24.562Z", "user": 1, "content_type": 13, "object_id": "224", "object_repr": "Lucky Me Instant Mami Noodles Beef", "action_flag": 1, "change_message": "[{\"added\": {}}]"}}, {"model": "admin.logentry", "pk": 268, "fields": {"action_time": "2021-01-16T19:07:52.812Z", "user": 1, "content_type": 13, "object_id": "225", "object_repr": "Lucky Me Instant Mami Noodles Chicken", "action_flag": 1, "change_message": "[{\"added\": {}}]"}}, {"model": "admin.logentry", "pk": 269, "fields": {"action_time": "2021-01-16T19:09:22.950Z", "user": 1, "content_type": 13, "object_id": "226", "object_repr": "Lucky Me Pancit Canton Sweet & Spicy", "action_flag": 1, "change_message": "[{\"added\": {}}]"}}, {"model": "admin.logentry", "pk": 270, "fields": {"action_time": "2021-01-16T19:09:49.828Z", "user": 1, "content_type": 13, "object_id": "227", "object_repr": "Lucky Me Pancit Canton Kalamansi", "action_flag": 1, "change_message": "[{\"added\": {}}]"}}, {"model": "admin.logentry", "pk": 271, "fields": {"action_time": "2021-01-16T19:13:01.836Z", "user": 1, "content_type": 13, "object_id": "228", "object_repr": "Purefoods corned beef 150g", "action_flag": 1, "change_message": "[{\"added\": {}}]"}}, {"model": "admin.logentry", "pk": 272, "fields": {"action_time": "2021-01-16T19:13:28.386Z", "user": 1, "content_type": 13, "object_id": "229", "object_repr": "Purefoods Corned Beef 380g", "action_flag": 1, "change_message": "[{\"added\": {}}]"}}, {"model": "admin.logentry", "pk": 273, "fields": {"action_time": "2021-01-16T19:13:53.663Z", "user": 1, "content_type": 13, "object_id": "230", "object_repr": "Argentina Corned Beef 260g", "action_flag": 1, "change_message": "[{\"added\": {}}]"}}, {"model": "admin.logentry", "pk": 274, "fields": {"action_time": "2021-01-16T19:14:20.602Z", "user": 1, "content_type": 13, "object_id": "231", "object_repr": "Argentina Corned Beef 100g", "action_flag": 1, "change_message": "[{\"added\": {}}]"}}, {"model": "admin.logentry", "pk": 275, "fields": {"action_time": "2021-01-16T19:15:09.506Z", "user": 1, "content_type": 13, "object_id": "232", "object_repr": "Ligo Sardines in tomato sauce chili", "action_flag": 1, "change_message": "[{\"added\": {}}]"}}, {"model": "admin.logentry", "pk": 276, "fields": {"action_time": "2021-01-16T19:15:32.966Z", "user": 1, "content_type": 13, "object_id": "233", "object_repr": "Ligo Sardines in tomato sauce", "action_flag": 1, "change_message": "[{\"added\": {}}]"}}, {"model": "admin.logentry", "pk": 277, "fields": {"action_time": "2021-01-16T19:16:39.677Z", "user": 1, "content_type": 13, "object_id": "234", "object_repr": "555 Fried Sardines Hot and Spicy", "action_flag": 1, "change_message": "[{\"added\": {}}]"}}, {"model": "admin.logentry", "pk": 278, "fields": {"action_time": "2021-01-16T19:17:38.277Z", "user": 1, "content_type": 13, "object_id": "235", "object_repr": "555 Sardines in Tomato Sauce Chili", "action_flag": 1, "change_message": "[{\"added\": {}}]"}}, {"model": "admin.logentry", "pk": 279, "fields": {"action_time": "2021-01-16T19:21:48.879Z", "user": 1, "content_type": 13, "object_id": "232", "object_repr": "Ligo Sardines in tomato sauce chili", "action_flag": 2, "change_message": "[{\"changed\": {\"fields\": [\"Image\"]}}]"}}, {"model": "admin.logentry", "pk": 280, "fields": {"action_time": "2021-01-16T19:22:27.894Z", "user": 1, "content_type": 13, "object_id": "233", "object_repr": "Ligo Sardines in tomato sauce", "action_flag": 2, "change_message": "[{\"changed\": {\"fields\": [\"Image\"]}}]"}}, {"model": "admin.logentry", "pk": 281, "fields": {"action_time": "2021-01-16T19:23:40.350Z", "user": 1, "content_type": 13, "object_id": "236", "object_repr": "555 Fried Sardines Hot and Spicy", "action_flag": 1, "change_message": "[{\"added\": {}}]"}}, {"model": "admin.logentry", "pk": 282, "fields": {"action_time": "2021-01-16T19:24:53.842Z", "user": 1, "content_type": 13, "object_id": "237", "object_repr": "555 Sardines in Tomato Sauce Chili", "action_flag": 1, "change_message": "[{\"added\": {}}]"}}, {"model": "admin.logentry", "pk": 283, "fields": {"action_time": "2021-01-16T19:25:24.592Z", "user": 1, "content_type": 13, "object_id": "238", "object_repr": "Century Tuna Flakes Hot and Spicy", "action_flag": 1, "change_message": "[{\"added\": {}}]"}}, {"model": "admin.logentry", "pk": 284, "fields": {"action_time": "2021-01-16T19:25:45.232Z", "user": 1, "content_type": 13, "object_id": "239", "object_repr": "Century Tuna Flakes in Vegetable Oil", "action_flag": 1, "change_message": "[{\"added\": {}}]"}}, {"model": "admin.logentry", "pk": 285, "fields": {"action_time": "2021-01-16T19:26:11.121Z", "user": 1, "content_type": 13, "object_id": "240", "object_repr": "Argentina Meatloaf", "action_flag": 1, "change_message": "[{\"added\": {}}]"}}, {"model": "admin.logentry", "pk": 286, "fields": {"action_time": "2021-01-16T19:26:51.138Z", "user": 1, "content_type": 13, "object_id": "241", "object_repr": "Libby's Vienna Sausage", "action_flag": 1, "change_message": "[{\"added\": {}}]"}}, {"model": "admin.logentry", "pk": 287, "fields": {"action_time": "2021-01-16T19:27:25.393Z", "user": 1, "content_type": 13, "object_id": "242", "object_repr": "555 Squid Chili", "action_flag": 1, "change_message": "[{\"added\": {}}]"}}, {"model": "admin.logentry", "pk": 288, "fields": {"action_time": "2021-01-16T19:27:53.337Z", "user": 1, "content_type": 13, "object_id": "243", "object_repr": "555 Carne Norte", "action_flag": 1, "change_message": "[{\"added\": {}}]"}}, {"model": "admin.logentry", "pk": 289, "fields": {"action_time": "2021-01-16T19:28:23.193Z", "user": 1, "content_type": 13, "object_id": "244", "object_repr": "555 Carne Norte 150g", "action_flag": 1, "change_message": "[{\"added\": {}}]"}}, {"model": "admin.logentry", "pk": 290, "fields": {"action_time": "2021-01-16T19:28:51.762Z", "user": 1, "content_type": 13, "object_id": "245", "object_repr": "555 Tuna Afritada 110g", "action_flag": 1, "change_message": "[{\"added\": {}}]"}}, {"model": "admin.logentry", "pk": 291, "fields": {"action_time": "2021-01-16T19:31:13.053Z", "user": 1, "content_type": 13, "object_id": "246", "object_repr": "555 Tuna Bicol Express", "action_flag": 1, "change_message": "[{\"added\": {}}]"}}, {"model": "admin.logentry", "pk": 292, "fields": {"action_time": "2021-01-16T19:31:56.693Z", "user": 1, "content_type": 13, "object_id": "247", "object_repr": "Argentina Corned Beef 150g", "action_flag": 1, "change_message": "[{\"added\": {}}]"}}, {"model": "admin.logentry", "pk": 293, "fields": {"action_time": "2021-01-16T19:32:30.620Z", "user": 1, "content_type": 13, "object_id": "248", "object_repr": "CDO Samba Brazilian Corned Beef", "action_flag": 1, "change_message": "[{\"added\": {}}]"}}, {"model": "admin.logentry", "pk": 294, "fields": {"action_time": "2021-01-16T19:32:58.635Z", "user": 1, "content_type": 13, "object_id": "249", "object_repr": "Century Bangus Chunks Spanish Style", "action_flag": 1, "change_message": "[{\"added\": {}}]"}}, {"model": "admin.logentry", "pk": 295, "fields": {"action_time": "2021-01-16T19:33:25.521Z", "user": 1, "content_type": 13, "object_id": "250", "object_repr": "Century Bangus Sisig", "action_flag": 1, "change_message": "[{\"added\": {}}]"}}, {"model": "admin.logentry", "pk": 296, "fields": {"action_time": "2021-01-16T19:33:59.779Z", "user": 1, "content_type": 13, "object_id": "251", "object_repr": "Century Gourmet Bangus In Oil", "action_flag": 1, "change_message": "[{\"added\": {}}]"}}, {"model": "admin.logentry", "pk": 297, "fields": {"action_time": "2021-01-16T19:34:27.689Z", "user": 1, "content_type": 13, "object_id": "252", "object_repr": "Century Tuna Flakes Afritada", "action_flag": 1, "change_message": "[{\"added\": {}}]"}}, {"model": "admin.logentry", "pk": 298, "fields": {"action_time": "2021-01-16T19:34:51.843Z", "user": 1, "content_type": 13, "object_id": "253", "object_repr": "Century Tuna Paella", "action_flag": 1, "change_message": "[{\"added\": {}}]"}}, {"model": "admin.logentry", "pk": 299, "fields": {"action_time": "2021-01-16T19:35:24.663Z", "user": 1, "content_type": 13, "object_id": "254", "object_repr": "Familys Brand Sardines Bonus Pack Hot In Tomato Sauce", "action_flag": 1, "change_message": "[{\"added\": {}}]"}}, {"model": "admin.logentry", "pk": 300, "fields": {"action_time": "2021-01-16T19:35:46.587Z", "user": 1, "content_type": 13, "object_id": "255", "object_repr": "Familys Brand Sardines Bonus Pack Plain In Tomato Sauce", "action_flag": 1, "change_message": "[{\"added\": {}}]"}}, {"model": "admin.logentry", "pk": 301, "fields": {"action_time": "2021-01-16T19:36:20.907Z", "user": 1, "content_type": 13, "object_id": "256", "object_repr": "Fresca Tuna Adobo 100g", "action_flag": 1, "change_message": "[{\"added\": {}}]"}}, {"model": "admin.logentry", "pk": 302, "fields": {"action_time": "2021-01-16T19:37:02.160Z", "user": 1, "content_type": 13, "object_id": "257", "object_repr": "Fresca Tuna Adobo 175g", "action_flag": 1, "change_message": "[{\"added\": {}}]"}}, {"model": "admin.logentry", "pk": 303, "fields": {"action_time": "2021-01-16T19:37:28.618Z", "user": 1, "content_type": 13, "object_id": "258", "object_repr": "Highlands Corned Beef", "action_flag": 1, "change_message": "[{\"added\": {}}]"}}, {"model": "admin.logentry", "pk": 304, "fields": {"action_time": "2021-01-16T19:37:53.542Z", "user": 1, "content_type": 13, "object_id": "259", "object_repr": "Hokkaido In Natural Oil", "action_flag": 1, "change_message": "[{\"added\": {}}]"}}, {"model": "admin.logentry", "pk": 305, "fields": {"action_time": "2021-01-16T19:38:23.614Z", "user": 1, "content_type": 13, "object_id": "260", "object_repr": "Ligo Carne Norte Spicy", "action_flag": 1, "change_message": "[{\"added\": {}}]"}}, {"model": "admin.logentry", "pk": 306, "fields": {"action_time": "2021-01-16T19:38:48.042Z", "user": 1, "content_type": 13, "object_id": "261", "object_repr": "Ligo Mackerel In Natural Oil 425g", "action_flag": 1, "change_message": "[{\"added\": {}}]"}}, {"model": "admin.logentry", "pk": 307, "fields": {"action_time": "2021-01-16T21:59:20.756Z", "user": 1, "content_type": 14, "object_id": "10", "object_repr": "totes", "action_flag": 3, "change_message": ""}}, {"model": "admin.logentry", "pk": 308, "fields": {"action_time": "2021-01-16T21:59:20.806Z", "user": 1, "content_type": 14, "object_id": "9", "object_repr": "purse", "action_flag": 3, "change_message": ""}}, {"model": "admin.logentry", "pk": 309, "fields": {"action_time": "2021-01-16T21:59:20.854Z", "user": 1, "content_type": 14, "object_id": "8", "object_repr": "backpack", "action_flag": 3, "change_message": ""}}, {"model": "admin.logentry", "pk": 310, "fields": {"action_time": "2021-01-16T21:59:20.906Z", "user": 1, "content_type": 14, "object_id": "7", "object_repr": "ladies", "action_flag": 3, "change_message": ""}}, {"model": "admin.logentry", "pk": 311, "fields": {"action_time": "2021-01-16T21:59:20.944Z", "user": 1, "content_type": 14, "object_id": "6", "object_repr": "gents", "action_flag": 3, "change_message": ""}}, {"model": "admin.logentry", "pk": 312, "fields": {"action_time": "2021-01-16T21:59:20.989Z", "user": 1, "content_type": 14, "object_id": "5", "object_repr": "office", "action_flag": 3, "change_message": ""}}, {"model": "admin.logentry", "pk": 313, "fields": {"action_time": "2021-01-16T21:59:21.022Z", "user": 1, "content_type": 14, "object_id": "4", "object_repr": "sports", "action_flag": 3, "change_message": ""}}, {"model": "admin.logentry", "pk": 314, "fields": {"action_time": "2021-01-16T21:59:21.059Z", "user": 1, "content_type": 14, "object_id": "3", "object_repr": "active", "action_flag": 3, "change_message": ""}}, {"model": "admin.logentry", "pk": 315, "fields": {"action_time": "2021-01-16T21:59:21.093Z", "user": 1, "content_type": 14, "object_id": "2", "object_repr": "bottoms", "action_flag": 3, "change_message": ""}}, {"model": "admin.logentry", "pk": 316, "fields": {"action_time": "2021-01-16T21:59:21.132Z", "user": 1, "content_type": 14, "object_id": "1", "object_repr": "tops", "action_flag": 3, "change_message": ""}}, {"model": "admin.logentry", "pk": 317, "fields": {"action_time": "2021-01-16T22:00:26.115Z", "user": 1, "content_type": 13, "object_id": "75", "object_repr": "Levis Ex-Boyfriend Sherpa Trucker Jacket", "action_flag": 3, "change_message": ""}}, {"model": "admin.logentry", "pk": 318, "fields": {"action_time": "2021-01-16T22:00:26.142Z", "user": 1, "content_type": 13, "object_id": "74", "object_repr": "Levis Long Sleeve Graphic Bodysuit", "action_flag": 3, "change_message": ""}}, {"model": "admin.logentry", "pk": 319, "fields": {"action_time": "2021-01-16T22:00:26.165Z", "user": 1, "content_type": 13, "object_id": "73", "object_repr": "Levis Perfect Graphic T-Shirt", "action_flag": 3, "change_message": ""}}, {"model": "admin.logentry", "pk": 320, "fields": {"action_time": "2021-01-16T22:00:26.186Z", "user": 1, "content_type": 13, "object_id": "72", "object_repr": "Levis Sportswear Logo Graphic T-Shirt", "action_flag": 3, "change_message": ""}}, {"model": "admin.logentry", "pk": 321, "fields": {"action_time": "2021-01-16T22:00:26.208Z", "user": 1, "content_type": 13, "object_id": "71", "object_repr": "Levis Relaxed Graphic Tee", "action_flag": 3, "change_message": ""}}, {"model": "admin.logentry", "pk": 322, "fields": {"action_time": "2021-01-16T22:00:26.229Z", "user": 1, "content_type": 13, "object_id": "70", "object_repr": "Levis Sunset 1 Pocket T-Shirt", "action_flag": 3, "change_message": ""}}, {"model": "admin.logentry", "pk": 323, "fields": {"action_time": "2021-01-16T22:00:26.257Z", "user": 1, "content_type": 13, "object_id": "69", "object_repr": "Chuck Taylor Wander Crew", "action_flag": 3, "change_message": ""}}, {"model": "admin.logentry", "pk": 324, "fields": {"action_time": "2021-01-16T22:00:26.282Z", "user": 1, "content_type": 13, "object_id": "68", "object_repr": "Flowers Are Blooming Tee", "action_flag": 3, "change_message": ""}}, {"model": "admin.logentry", "pk": 325, "fields": {"action_time": "2021-01-16T22:00:26.304Z", "user": 1, "content_type": 13, "object_id": "67", "object_repr": "All Star Relaxed Short Sleeve Tee", "action_flag": 3, "change_message": ""}}, {"model": "admin.logentry", "pk": 326, "fields": {"action_time": "2021-01-16T22:00:26.326Z", "user": 1, "content_type": 13, "object_id": "66", "object_repr": "Basketball Graphic Tee", "action_flag": 3, "change_message": ""}}, {"model": "admin.logentry", "pk": 327, "fields": {"action_time": "2021-01-16T22:00:26.349Z", "user": 1, "content_type": 13, "object_id": "65", "object_repr": "Chuck Taylor Modern Tee", "action_flag": 3, "change_message": ""}}, {"model": "admin.logentry", "pk": 328, "fields": {"action_time": "2021-01-16T22:00:26.372Z", "user": 1, "content_type": 13, "object_id": "64", "object_repr": "Nova Logo T Shirt by Converse", "action_flag": 3, "change_message": ""}}, {"model": "admin.logentry", "pk": 329, "fields": {"action_time": "2021-01-16T22:00:26.395Z", "user": 1, "content_type": 13, "object_id": "63", "object_repr": "Adidas 3 Stripe T Shirt Ladies", "action_flag": 3, "change_message": ""}}, {"model": "admin.logentry", "pk": 330, "fields": {"action_time": "2021-01-16T22:00:26.417Z", "user": 1, "content_type": 13, "object_id": "62", "object_repr": "Adidas DM2 V Neck T Shirt Ladies", "action_flag": 3, "change_message": ""}}, {"model": "admin.logentry", "pk": 331, "fields": {"action_time": "2021-01-16T22:00:26.440Z", "user": 1, "content_type": 13, "object_id": "61", "object_repr": "Adidas Essentials 3 Stripe T Shirt Ladies", "action_flag": 3, "change_message": ""}}, {"model": "admin.logentry", "pk": 332, "fields": {"action_time": "2021-01-16T22:00:26.463Z", "user": 1, "content_type": 13, "object_id": "60", "object_repr": "Adidas Sereno Pro T Shirt Mens", "action_flag": 3, "change_message": ""}}, {"model": "admin.logentry", "pk": 333, "fields": {"action_time": "2021-01-16T22:00:26.485Z", "user": 1, "content_type": 13, "object_id": "59", "object_repr": "Adidas XPR Training T Shirt Men's", "action_flag": 3, "change_message": ""}}, {"model": "admin.logentry", "pk": 334, "fields": {"action_time": "2021-01-16T22:00:26.507Z", "user": 1, "content_type": 13, "object_id": "58", "object_repr": "Adidas Box Linear Texture T Shirt Mens", "action_flag": 3, "change_message": ""}}, {"model": "admin.logentry", "pk": 335, "fields": {"action_time": "2021-01-16T22:00:26.529Z", "user": 1, "content_type": 13, "object_id": "57", "object_repr": "Nike Academy Pro T Shirt Ladies", "action_flag": 3, "change_message": ""}}, {"model": "admin.logentry", "pk": 336, "fields": {"action_time": "2021-01-16T22:00:26.553Z", "user": 1, "content_type": 13, "object_id": "56", "object_repr": "Nike JDI Merge T Shirt Ladies", "action_flag": 3, "change_message": ""}}, {"model": "admin.logentry", "pk": 337, "fields": {"action_time": "2021-01-16T22:00:26.590Z", "user": 1, "content_type": 13, "object_id": "55", "object_repr": "Nike Futura T Shirt Ladies", "action_flag": 3, "change_message": ""}}, {"model": "admin.logentry", "pk": 338, "fields": {"action_time": "2021-01-16T22:00:26.615Z", "user": 1, "content_type": 13, "object_id": "54", "object_repr": "Nike NBA Team T Shirt Mens", "action_flag": 3, "change_message": ""}}, {"model": "admin.logentry", "pk": 339, "fields": {"action_time": "2021-01-16T22:00:26.637Z", "user": 1, "content_type": 13, "object_id": "53", "object_repr": "Nike Print Logo T Shirt Mens", "action_flag": 3, "change_message": ""}}, {"model": "admin.logentry", "pk": 340, "fields": {"action_time": "2021-01-16T22:00:26.659Z", "user": 1, "content_type": 13, "object_id": "52", "object_repr": "Nike Miler Short Sleeve T Shirt Mens", "action_flag": 3, "change_message": ""}}, {"model": "admin.logentry", "pk": 341, "fields": {"action_time": "2021-01-16T22:00:26.681Z", "user": 1, "content_type": 13, "object_id": "51", "object_repr": "Under Armour Charged Cotton T-Shirt Womens", "action_flag": 3, "change_message": ""}}, {"model": "admin.logentry", "pk": 342, "fields": {"action_time": "2021-01-16T22:00:26.703Z", "user": 1, "content_type": 13, "object_id": "50", "object_repr": "Under Armour Zinger Golf Polo Shirt Ladies", "action_flag": 3, "change_message": ""}}, {"model": "admin.logentry", "pk": 343, "fields": {"action_time": "2021-01-16T22:00:26.724Z", "user": 1, "content_type": 13, "object_id": "49", "object_repr": "Under Armour Tech Twist Short Sleeve T-Shirt Ladies", "action_flag": 3, "change_message": ""}}, {"model": "admin.logentry", "pk": 344, "fields": {"action_time": "2021-01-16T22:00:26.746Z", "user": 1, "content_type": 13, "object_id": "48", "object_repr": "Under Armour Seamless Wave T Shirt Mens", "action_flag": 3, "change_message": ""}}, {"model": "admin.logentry", "pk": 345, "fields": {"action_time": "2021-01-16T22:00:26.768Z", "user": 1, "content_type": 13, "object_id": "47", "object_repr": "Under Armour Performance Polo Shirt Mens", "action_flag": 3, "change_message": ""}}, {"model": "admin.logentry", "pk": 346, "fields": {"action_time": "2021-01-16T22:00:26.789Z", "user": 1, "content_type": 13, "object_id": "46", "object_repr": "Under Armour Sportstyle Logo T Shirt Mens", "action_flag": 3, "change_message": ""}}, {"model": "admin.logentry", "pk": 347, "fields": {"action_time": "2021-01-16T22:00:26.811Z", "user": 1, "content_type": 13, "object_id": "45", "object_repr": "USA PRO Seamless Core Leggings", "action_flag": 3, "change_message": ""}}, {"model": "admin.logentry", "pk": 348, "fields": {"action_time": "2021-01-16T22:00:26.837Z", "user": 1, "content_type": 13, "object_id": "44", "object_repr": "Adidas 3 Stripe Tights Girls", "action_flag": 3, "change_message": ""}}, {"model": "admin.logentry", "pk": 349, "fields": {"action_time": "2021-01-16T22:00:26.859Z", "user": 1, "content_type": 13, "object_id": "43", "object_repr": "Under Armour Qualifier 2 in 1 Shorts Mens", "action_flag": 3, "change_message": ""}}, {"model": "admin.logentry", "pk": 350, "fields": {"action_time": "2021-01-16T22:00:26.881Z", "user": 1, "content_type": 13, "object_id": "42", "object_repr": "Under Armour 2in1 Shorts Ladies", "action_flag": 3, "change_message": ""}}, {"model": "admin.logentry", "pk": 351, "fields": {"action_time": "2021-01-16T22:00:26.903Z", "user": 1, "content_type": 13, "object_id": "41", "object_repr": "Lee Cooper AOP Jeggings Ladies", "action_flag": 3, "change_message": ""}}, {"model": "admin.logentry", "pk": 352, "fields": {"action_time": "2021-01-16T22:00:26.926Z", "user": 1, "content_type": 13, "object_id": "40", "object_repr": "Nike Flex Trousers Mens", "action_flag": 3, "change_message": ""}}, {"model": "admin.logentry", "pk": 353, "fields": {"action_time": "2021-01-16T22:00:26.948Z", "user": 1, "content_type": 13, "object_id": "39", "object_repr": "Liam Skinny Jeans by Jack and Jones", "action_flag": 3, "change_message": ""}}, {"model": "admin.logentry", "pk": 354, "fields": {"action_time": "2021-01-16T22:00:26.973Z", "user": 1, "content_type": 13, "object_id": "38", "object_repr": "Lee Cooper Bootcut Jeans Mens", "action_flag": 3, "change_message": ""}}, {"model": "admin.logentry", "pk": 355, "fields": {"action_time": "2021-01-16T22:00:26.996Z", "user": 1, "content_type": 13, "object_id": "37", "object_repr": "Levis 724  High-Rise Straight Jeans", "action_flag": 3, "change_message": ""}}, {"model": "admin.logentry", "pk": 356, "fields": {"action_time": "2021-01-16T22:00:27.019Z", "user": 1, "content_type": 13, "object_id": "36", "object_repr": "Levis Ribcage High Rise Straight Jeans", "action_flag": 3, "change_message": ""}}, {"model": "admin.logentry", "pk": 357, "fields": {"action_time": "2021-01-16T22:00:27.042Z", "user": 1, "content_type": 13, "object_id": "35", "object_repr": "Levis 502 Tapered Jeans", "action_flag": 3, "change_message": ""}}, {"model": "admin.logentry", "pk": 358, "fields": {"action_time": "2021-01-16T22:00:27.068Z", "user": 1, "content_type": 13, "object_id": "34", "object_repr": "Levis 501 Original Jeans Mens", "action_flag": 3, "change_message": ""}}, {"model": "admin.logentry", "pk": 359, "fields": {"action_time": "2021-01-16T22:00:27.088Z", "user": 1, "content_type": 13, "object_id": "33", "object_repr": "L.K. BENNETT Audrey Fine Glitter Courts", "action_flag": 3, "change_message": ""}}, {"model": "admin.logentry", "pk": 360, "fields": {"action_time": "2021-01-16T22:00:27.109Z", "user": 1, "content_type": 13, "object_id": "32", "object_repr": "NINE WEST Flagship 75 Courts", "action_flag": 3, "change_message": ""}}, {"model": "admin.logentry", "pk": 361, "fields": {"action_time": "2021-01-16T22:00:27.130Z", "user": 1, "content_type": 13, "object_id": "31", "object_repr": "Clarks Tizz Talk Shoes", "action_flag": 3, "change_message": ""}}, {"model": "admin.logentry", "pk": 362, "fields": {"action_time": "2021-01-16T22:00:27.148Z", "user": 1, "content_type": 13, "object_id": "30", "object_repr": "Clarks Willis Lad Shoes", "action_flag": 3, "change_message": ""}}, {"model": "admin.logentry", "pk": 363, "fields": {"action_time": "2021-01-16T22:00:27.168Z", "user": 1, "content_type": 13, "object_id": "29", "object_repr": "Rockport Storm Boots Mens", "action_flag": 3, "change_message": ""}}, {"model": "admin.logentry", "pk": 364, "fields": {"action_time": "2021-01-16T22:00:27.188Z", "user": 1, "content_type": 13, "object_id": "28", "object_repr": "Adidas Supernova Boost Running Shoes Ladies", "action_flag": 3, "change_message": ""}}, {"model": "admin.logentry", "pk": 365, "fields": {"action_time": "2021-01-16T22:00:27.208Z", "user": 1, "content_type": 13, "object_id": "27", "object_repr": "Salomon XA Bondcliff 2 Ladies Trail Running Shoes", "action_flag": 3, "change_message": ""}}, {"model": "admin.logentry", "pk": 366, "fields": {"action_time": "2021-01-16T22:00:27.229Z", "user": 1, "content_type": 13, "object_id": "26", "object_repr": "Asics Gel-Kayano 27 Womens Road Running Shoes", "action_flag": 3, "change_message": ""}}, {"model": "admin.logentry", "pk": 367, "fields": {"action_time": "2021-01-16T22:00:27.249Z", "user": 1, "content_type": 13, "object_id": "25", "object_repr": "Nike Zoom Pegasus 37 Running Shoes Ladies", "action_flag": 3, "change_message": ""}}, {"model": "admin.logentry", "pk": 368, "fields": {"action_time": "2021-01-16T22:00:27.272Z", "user": 1, "content_type": 13, "object_id": "24", "object_repr": "NEW BALANCE Balance 680v Road Running Shoes", "action_flag": 3, "change_message": ""}}, {"model": "admin.logentry", "pk": 369, "fields": {"action_time": "2021-01-16T22:00:27.293Z", "user": 1, "content_type": 13, "object_id": "23", "object_repr": "Asics GT-Xuberance Ladies Running Shoes", "action_flag": 3, "change_message": ""}}, {"model": "admin.logentry", "pk": 370, "fields": {"action_time": "2021-01-16T22:00:27.315Z", "user": 1, "content_type": 13, "object_id": "22", "object_repr": "Under HOVR Havoc 2 Mens Trainers", "action_flag": 3, "change_message": ""}}, {"model": "admin.logentry", "pk": 371, "fields": {"action_time": "2021-01-16T22:00:27.335Z", "user": 1, "content_type": 13, "object_id": "21", "object_repr": "Under Armour Stephen Curry 3 Zero Men's Basketball Shoes", "action_flag": 3, "change_message": ""}}, {"model": "admin.logentry", "pk": 372, "fields": {"action_time": "2021-01-16T22:00:27.356Z", "user": 1, "content_type": 13, "object_id": "20", "object_repr": "Air Jordan Max Aura 2 Basketball Shoes", "action_flag": 3, "change_message": ""}}, {"model": "admin.logentry", "pk": 373, "fields": {"action_time": "2021-01-16T22:00:27.376Z", "user": 1, "content_type": 13, "object_id": "19", "object_repr": "Ted Baker Farzane Flower Bag", "action_flag": 3, "change_message": ""}}, {"model": "admin.logentry", "pk": 374, "fields": {"action_time": "2021-01-16T22:00:27.397Z", "user": 1, "content_type": 13, "object_id": "18", "object_repr": "Ted Baker Dixiie Large Shopper Bag", "action_flag": 3, "change_message": ""}}, {"model": "admin.logentry", "pk": 375, "fields": {"action_time": "2021-01-16T22:00:27.417Z", "user": 1, "content_type": 13, "object_id": "17", "object_repr": "DKNY Jacquard Logo Large Tote Bag", "action_flag": 3, "change_message": ""}}, {"model": "admin.logentry", "pk": 376, "fields": {"action_time": "2021-01-16T22:00:27.438Z", "user": 1, "content_type": 13, "object_id": "16", "object_repr": "DKNY Coated Logo Medium Shoulder Tote", "action_flag": 3, "change_message": ""}}, {"model": "admin.logentry", "pk": 377, "fields": {"action_time": "2021-01-16T22:00:27.480Z", "user": 1, "content_type": 13, "object_id": "15", "object_repr": "Guess Tote Open Road Bag", "action_flag": 3, "change_message": ""}}, {"model": "admin.logentry", "pk": 378, "fields": {"action_time": "2021-01-16T22:00:27.521Z", "user": 1, "content_type": 13, "object_id": "14", "object_repr": "Guess Cathleen Camera Bag", "action_flag": 3, "change_message": ""}}, {"model": "admin.logentry", "pk": 379, "fields": {"action_time": "2021-01-16T22:00:27.559Z", "user": 1, "content_type": 13, "object_id": "13", "object_repr": "Under Armour Hustle 4 Backpack", "action_flag": 3, "change_message": ""}}, {"model": "admin.logentry", "pk": 380, "fields": {"action_time": "2021-01-16T22:00:27.602Z", "user": 1, "content_type": 13, "object_id": "12", "object_repr": "No Fear Check Backpack", "action_flag": 3, "change_message": ""}}, {"model": "admin.logentry", "pk": 381, "fields": {"action_time": "2021-01-16T22:00:27.637Z", "user": 1, "content_type": 13, "object_id": "11", "object_repr": "Converse Chuck Taylor Backpack", "action_flag": 3, "change_message": ""}}, {"model": "admin.logentry", "pk": 382, "fields": {"action_time": "2021-01-16T22:00:27.676Z", "user": 1, "content_type": 13, "object_id": "10", "object_repr": "Adidas Power 5 Backpack", "action_flag": 3, "change_message": ""}}, {"model": "admin.logentry", "pk": 383, "fields": {"action_time": "2021-01-16T22:00:27.718Z", "user": 1, "content_type": 13, "object_id": "9", "object_repr": "Adidas Classic Fabric Backpack", "action_flag": 3, "change_message": ""}}, {"model": "admin.logentry", "pk": 384, "fields": {"action_time": "2021-01-16T22:00:27.762Z", "user": 1, "content_type": 13, "object_id": "8", "object_repr": "Thomas Sabo Rebel Mens Watch", "action_flag": 3, "change_message": ""}}, {"model": "admin.logentry", "pk": 385, "fields": {"action_time": "2021-01-16T22:00:27.800Z", "user": 1, "content_type": 13, "object_id": "7", "object_repr": "Samsung Galaxy Watch 1.2 Rose Gold", "action_flag": 3, "change_message": ""}}, {"model": "admin.logentry", "pk": 386, "fields": {"action_time": "2021-01-16T22:00:27.844Z", "user": 1, "content_type": 13, "object_id": "6", "object_repr": "Olivia Burton Women's White Dial Silver & Rose Gold Bracelet Watch", "action_flag": 3, "change_message": ""}}, {"model": "admin.logentry", "pk": 387, "fields": {"action_time": "2021-01-16T22:00:27.886Z", "user": 1, "content_type": 13, "object_id": "5", "object_repr": "Newbridge Silverware Rose Gold Silverplate Watch Round", "action_flag": 3, "change_message": ""}}, {"model": "admin.logentry", "pk": 388, "fields": {"action_time": "2021-01-16T22:00:27.928Z", "user": 1, "content_type": 13, "object_id": "4", "object_repr": "Newbridge Silverware Ladies Watch Leather Strap", "action_flag": 3, "change_message": ""}}, {"model": "admin.logentry", "pk": 389, "fields": {"action_time": "2021-01-16T22:00:27.967Z", "user": 1, "content_type": 13, "object_id": "3", "object_repr": "Garmin Fenix 6S Pro Smart Watch", "action_flag": 3, "change_message": ""}}, {"model": "admin.logentry", "pk": 390, "fields": {"action_time": "2021-01-16T22:00:28.009Z", "user": 1, "content_type": 13, "object_id": "2", "object_repr": "Fitbit Versa 3", "action_flag": 3, "change_message": ""}}, {"model": "admin.logentry", "pk": 391, "fields": {"action_time": "2021-01-16T22:00:28.105Z", "user": 1, "content_type": 13, "object_id": "1", "object_repr": "Casio Mens G Shock Alarm Chronograph Watch", "action_flag": 3, "change_message": ""}}, {"model": "admin.logentry", "pk": 392, "fields": {"action_time": "2021-01-21T23:14:44.227Z", "user": 1, "content_type": 15, "object_id": "14", "object_repr": "70AA3E392D0148EDA2B2432F694A17A6", "action_flag": 3, "change_message": ""}}, {"model": "admin.logentry", "pk": 393, "fields": {"action_time": "2021-01-21T23:14:44.256Z", "user": 1, "content_type": 15, "object_id": "13", "object_repr": "1E1E4583E5CF415FB38BAD7DD07996AB", "action_flag": 3, "change_message": ""}}, {"model": "admin.logentry", "pk": 394, "fields": {"action_time": "2021-01-21T23:14:44.277Z", "user": 1, "content_type": 15, "object_id": "12", "object_repr": "C8366DD0749740008B068B972ADE5A21", "action_flag": 3, "change_message": ""}}, {"model": "admin.logentry", "pk": 395, "fields": {"action_time": "2021-01-21T23:14:44.298Z", "user": 1, "content_type": 15, "object_id": "11", "object_repr": "794B4EA8F3124BE5B2CD2A90D1B21E74", "action_flag": 3, "change_message": ""}}, {"model": "admin.logentry", "pk": 396, "fields": {"action_time": "2021-01-21T23:14:44.319Z", "user": 1, "content_type": 15, "object_id": "10", "object_repr": "10024AB8F83B477D835A9BC208E915D1", "action_flag": 3, "change_message": ""}}, {"model": "admin.logentry", "pk": 397, "fields": {"action_time": "2021-01-21T23:14:44.341Z", "user": 1, "content_type": 15, "object_id": "9", "object_repr": "02F19E53335546289A2A01B26F4ED41E", "action_flag": 3, "change_message": ""}}, {"model": "admin.logentry", "pk": 398, "fields": {"action_time": "2021-01-21T23:14:44.362Z", "user": 1, "content_type": 15, "object_id": "8", "object_repr": "72EABFC4C82C4FDFB9D8E4C8E01F3273", "action_flag": 3, "change_message": ""}}, {"model": "admin.logentry", "pk": 399, "fields": {"action_time": "2021-01-21T23:14:44.393Z", "user": 1, "content_type": 15, "object_id": "7", "object_repr": "39D43DE089E245B89003ABAD508C862A", "action_flag": 3, "change_message": ""}}, {"model": "admin.logentry", "pk": 400, "fields": {"action_time": "2021-01-21T23:14:44.414Z", "user": 1, "content_type": 15, "object_id": "6", "object_repr": "FA94BA7E93D144CE80E75019DBBEB03F", "action_flag": 3, "change_message": ""}}, {"model": "admin.logentry", "pk": 401, "fields": {"action_time": "2021-01-21T23:14:44.435Z", "user": 1, "content_type": 15, "object_id": "5", "object_repr": "FC4F01F8131345A28B96D63047B2ED6A", "action_flag": 3, "change_message": ""}}, {"model": "admin.logentry", "pk": 402, "fields": {"action_time": "2021-01-21T23:14:44.456Z", "user": 1, "content_type": 15, "object_id": "4", "object_repr": "BF28F579EBB343F98E2FD7BCF9EC8A23", "action_flag": 3, "change_message": ""}}, {"model": "admin.logentry", "pk": 403, "fields": {"action_time": "2021-01-21T23:14:44.477Z", "user": 1, "content_type": 15, "object_id": "3", "object_repr": "BE61897B9A674D2EB5B173F48B93CA62", "action_flag": 3, "change_message": ""}}, {"model": "admin.logentry", "pk": 404, "fields": {"action_time": "2021-01-21T23:14:44.498Z", "user": 1, "content_type": 15, "object_id": "2", "object_repr": "E0E60DFE28EC465393018825022D6DC2", "action_flag": 3, "change_message": ""}}, {"model": "admin.logentry", "pk": 405, "fields": {"action_time": "2021-01-21T23:14:44.519Z", "user": 1, "content_type": 15, "object_id": "1", "object_repr": "D37B81458024471C986488AFC98B688F", "action_flag": 3, "change_message": ""}}, {"model": "admin.logentry", "pk": 406, "fields": {"action_time": "2021-01-22T12:46:17.447Z", "user": 1, "content_type": 13, "object_id": "262", "object_repr": "test", "action_flag": 3, "change_message": ""}}, {"model": "admin.logentry", "pk": 407, "fields": {"action_time": "2021-01-22T17:27:42.861Z", "user": 1, "content_type": 13, "object_id": "263", "object_repr": "adding product test", "action_flag": 3, "change_message": ""}}, {"model": "auth.user", "pk": 1, "fields": {"password": "pbkdf2_sha256$216000$U7xfio0Bn7QC$9N9g2YnDIxZbtSJOix+dkr67aIdJIILsV02sAB4XJ7k=", "last_login": "2021-01-23T16:38:44.613Z", "is_superuser": true, "username": "althea21", "first_name": "", "last_name": "", "email": "gideongannaban0528@gmail.com", "is_staff": true, "is_active": true, "date_joined": "2021-01-10T22:32:49.559Z", "groups": [], "user_permissions": []}}, {"model": "auth.user", "pk": 2, "fields": {"password": "pbkdf2_sha256$216000$LrAe4N7ZzEjX$xqQyH+tPJug2LGTMSoYH+EV4Qwdn4gpHHXI2IWSZpjU=", "last_login": "2021-01-23T16:38:37.941Z", "is_superuser": true, "username": "gideon28", "first_name": "", "last_name": "", "email": "gideongannaban0528@gmail.com", "is_staff": true, "is_active": true, "date_joined": "2021-01-16T22:18:05.148Z", "groups": [], "user_permissions": []}}, {"model": "auth.user", "pk": 3, "fields": {"password": "pbkdf2_sha256$216000$1DOts9SJIFjt$5emul17VqNgICwsc7YDOhJ0rmuFWGvGjE9rdVfsP7Bw=", "last_login": "2021-01-22T18:31:21.384Z", "is_superuser": false, "username": "testy", "first_name": "", "last_name": "", "email": "test@gmail.com", "is_staff": false, "is_active": true, "date_joined": "2021-01-21T19:36:18.933Z", "groups": [], "user_permissions": []}}, {"model": "sessions.session", "pk": "14udafyldscwigg6pymunin2wa5ai447", "fields": {"session_data": "eyJiYWciOnsiNzciOjF9fQ:1l15pT:KKIyvBUvSHsWmE5_-CkhBgDHOp70KnR637o_uGS-zM8", "expire_date": "2021-01-31T11:02:43.694Z"}}, {"model": "sessions.session", "pk": "2i1gcmixozupay09eabpi6r4mwcwwefx", "fields": {"session_data": ".eJxVjEEOgyAQRe8y64aAIILL7nsGMgOD2jbaiCZtjHdvTbpx-9_7bwPCDtoNvIZW7RcIuC59WAvPYUjQgoLTRhgfPB4g3XHsJhGncZkHEoci_rSI25T4ef27p0CPpf-9kXStKxXZ1c74GNEhSakSMknHUhkjTdPYmnJO2svoamtJY87KWPJcHdHCpQzTGPj9GuYPtHL_ApxqQxc:1l0vDe:Hy6WuzPLZ223Wq2bP5iT7kjTSBIzjFfzMOtO8KeMy3M", "expire_date": "2021-01-30T23:42:58.723Z"}}, {"model": "sessions.session", "pk": "4b91mldtbq2vn0u1n2huvq450s2hme6o", "fields": {"session_data": "eyJiYWciOnsiNzgiOjF9fQ:1l0vEw:jzBsgWuitj3m4GhfY_I8b2UglZRADlxwJUTr7tK1vtA", "expire_date": "2021-01-30T23:44:18.696Z"}}, {"model": "sessions.session", "pk": "4cf7eclpmghzl48f8d4q20qpp8l5d8qd", "fields": {"session_data": "e30:1l3Lvp:2JwZzSnMb5qOjri-F4LYdgQXYkBzCZD0TM0eOSiUrKw", "expire_date": "2021-02-06T16:38:37.891Z"}}, {"model": "sessions.session", "pk": "6mhpv7bg4n3k019ob26nmk4p9nnvrfvq", "fields": {"session_data": "eyJiYWciOnsiODEiOjF9fQ:1l0v7m:aXxbhZSE4DfYe8fsQr_D_sbGpZ5vrtdQwfF9vpyDoKc", "expire_date": "2021-01-30T23:36:54.847Z"}}, {"model": "sessions.session", "pk": "779cf899zccmv04mby1ictz6d6thx8yw", "fields": {"session_data": "e30:1l2fhg:u8mERffVnCtpQdi1xMSU9LH8sbgJElXjIR5MY-VTYvU", "expire_date": "2021-02-04T19:33:12.978Z"}}, {"model": "sessions.session", "pk": "bl9ym192087ohufv1keh2z14bt5lw6sw", "fields": {"session_data": "eyJiYWciOnsiOTMiOjN9fQ:1l17Yh:h_eQzXrmb47F_cfyqv9YVLOuPR9U_dFUk5t4eNcw1WM", "expire_date": "2021-01-31T12:53:31.582Z"}}, {"model": "sessions.session", "pk": "dkvpg0dytczl7f73mredcpend6cc610o", "fields": {"session_data": ".eJxVjEsOgzAMBe_idRU51E4Cy-57BuTgBGgrkPisEHcvSCza7Zt5s0Et69LV65ymuleooIDb7xaleafhBPqSoR1NMw7L1EdzKuais3mOmj6Py_0LdDJ3xxsRvWMKnktFTWRLx0XkiBzUU3JYqgsBhcVLvlvNyWZHnKghyUxyRKO0UG3gPVR2378J3js0:1l0vSG:teqxxhou0_0c7ZJ0GbcIkv_UvrQNV3ub3u5sVcIwG7A", "expire_date": "2021-01-30T23:58:04.040Z"}}, {"model": "sessions.session", "pk": "dpl58o22fp23zcnb2fo66wca6wueke05", "fields": {"session_data": ".eJxVjDsOgzAQBe-ydWT5j02ZnjOgXXsNJBFIfCrE3QMSRdK-mTc7tLitfbstPLdDhhoUPH43wvTm8QL5hWM3iTSN6zyQuBRx00U0U-bP83b_Aj0u_flGMs5olTi4YGNKGJCkVBmZZGCprJW2qryjUrKJMgXnPRksRVlPkfUZJeyg3kHrCLU6ji-EWTwL:1l12tM:GELe3j38r5QxRz1TcC73ZDsLA2616RvGAE_iqOTU8b4", "expire_date": "2021-01-31T07:54:32.626Z"}}, {"model": "sessions.session", "pk": "fwrjz4g2eou9dut3sz5dh5kxken1msy0", "fields": {"session_data": "eyJiYWciOnsiNzciOjF9fQ:1l15rI:-Xrai8ALIYG5XBV3edx1kQ2SaeH7T6CjZRmsmsOnLh0", "expire_date": "2021-01-31T11:04:36.373Z"}}, {"model": "sessions.session", "pk": "h4hlf9o6rytlzbpswkppi2a0mdqcnzf5", "fields": {"session_data": ".eJxVjMsOwiAQRf-FtSFQHqVduvcbyAwMFjVgSptojP-uTbrQ7T3nnhfzsC6TXxvNPkc2MskOvxtCuFLZQLxAOVcealnmjHxT-E4bP9VIt-Pu_gUmaNP3DaiM6mQgZ5weQgAHKISMQCgcCam10H1vDaYU1SCCM9aigpSktjhQt0UbtZZr8fS45_nJRvH-AI9DPzA:1l2zz5:jd_nPlpxNUCjrbqkFjcRR7xh3PTVlJ1wEO-e5BV9sNo", "expire_date": "2021-02-05T17:12:31.901Z"}}, {"model": "sessions.session", "pk": "ijansq8heym84sl50oheswf1l7ndtd4t", "fields": {"session_data": ".eJxVjDsOgzAQBe-ydWTZ-E-ZPmdAu_Yak0Qg8akQd0-QaGjfzLwdCHtod_AeWnU8oMNtrd228NwNGVpQcNsI04fHE-Q3jv0k0jSu80DiVMRFF_GaMn-fl3s7qLjUf42krW5U4mCDiSlhQJJSZWSSgaUyRhrvnaVSso4yBescaSxFGUeRGzh-pmo73A:1l0v6k:jZb2a9tUm_yEbf4IM-x-vteFY9xMZQPCGu_OVq4bhQs", "expire_date": "2021-01-30T23:35:50.557Z"}}, {"model": "sessions.session", "pk": "lxxndbrucsp28sz1j5zr76gn5xikfemf", "fields": {"session_data": "eyJiYWciOnsiNzciOjEsIjgwIjoxfX0:1l17iY:YabxKfy_sMvS3TdpmvdcKAIwjTBNlEX6W_2vna6L2M0", "expire_date": "2021-01-31T13:03:42.522Z"}}, {"model": "sessions.session", "pk": "n7f8254n2d83co5df9fjas194o6ei7v4", "fields": {"session_data": "eyJiYWciOnsiODEiOjF9fQ:1l0uox:wvL7CcOxbcYYtqCmmScQxf3qwGRClZDXNCmJ2IpNIsY", "expire_date": "2021-01-30T23:17:27.105Z"}}, {"model": "sessions.session", "pk": "tg2ldxqym5za2e5rbimghmlsswa4dfeq", "fields": {"session_data": "eyJiYWciOnsiNzgiOjF9fQ:1l0vFY:bbLZWa7TOG33vW1jtVMRdpWuLVzcyUOEaLsUuj5Itpo", "expire_date": "2021-01-30T23:44:56.375Z"}}, {"model": "sessions.session", "pk": "vjn0r93gnubvz1aojnqhsajq6nepveec", "fields": {"session_data": "eyJiYWciOnsiNzgiOjF9fQ:1l0vEV:KD6vNeXWxOejbiFAB_i8U57Z6kGDSe68iZeifgInrEg", "expire_date": "2021-01-30T23:43:51.383Z"}}, {"model": "sessions.session", "pk": "vm7ykqlu56j36vmym8zksgicwv20qcpu", "fields": {"session_data": "eyJiYWciOnsiODEiOjF9fQ:1l0v7G:dmTdqwJA5nufuwqi8-o-gdn8jLC7dB1zhpMBBiQ39WQ", "expire_date": "2021-01-30T23:36:22.340Z"}}, {"model": "sessions.session", "pk": "y6ujk4id85s26x0goyydl88p331eji5a", "fields": {"session_data": ".eJxVjDkOg0AQBP8yMVrtsCcbOvcb0MwegG2BxBEh_m4jkxC11FXdOzB1EHbwBoKuwFkIWIHHfzgI6qigpW3t223JczskCIBw65jiO48nSC8au0nEaVzngcWpiIsu4jml_Hlc7u2gp6X_rYmVUTXG7I3XTYzkiaXERJmlzxK1lto5a7iUpBoZvbGWFZWC2nKTazi-tU8_tg:1l2Lme:zSiE5u6xSdez2qI11FT0A_5V1dJ-N_ocVILqZQnBAEw", "expire_date": "2021-02-03T22:17:00.092Z"}}, {"model": "sessions.session", "pk": "yt241egemmwqhugwpm56waekve7fm6ym", "fields": {"session_data": ".eJxVjEEOgjAQRe8ya9K00JbC0r1naGbaAaoGDIVEQ7i7krDQ7X_vvw08rsvg18yzTxFaUFD8boThzuMB4g3HfhJhGpc5kTgUcdIsrlPkx-V0_wID5uH7RqpMVarAzjjdhIAOSUoVkUk6lkprqevaGuq6WDUyOGMtVdh1SltquDyimXNO0-j59UzzG1pZAGEP7Qa1g1bt-wde5EMa:1l0vKb:0apyvB5ZEnNNwDj-e-fRtJWFSdTYN5XNJ78oXmdMGm0", "expire_date": "2021-01-30T23:50:09.314Z"}}, {"model": "sessions.session", "pk": "z2gytbpur6n0l6pu1ulmt66ycaxqc45w", "fields": {"session_data": "eyJiYWciOnsiNzgiOjN9fQ:1l16Nu:2l2xc3UkdGl5miNKoVYf5XEIPbbw8y-HUerT886tL5E", "expire_date": "2021-01-31T11:38:18.359Z"}}, {"model": "sites.site", "pk": 1, "fields": {"domain": "althea.example.com", "name": "ALTHEA"}}, {"model": "account.emailaddress", "pk": 2, "fields": {"user": 1, "email": "gideongannaban0528@gmail.com", "verified": true, "primary": true}}, {"model": "account.emailaddress", "pk": 3, "fields": {"user": 3, "email": "test@gmail.com", "verified": true, "primary": true}}, {"model": "products.category", "pk": 11, "fields": {"name": "frozen", "friendly_name": "Frozen"}}, {"model": "products.category", "pk": 13, "fields": {"name": "condiments", "friendly_name": "Condiments"}}, {"model": "products.category", "pk": 14, "fields": {"name": "snacks", "friendly_name": "Snacks"}}, {"model": "products.category", "pk": 15, "fields": {"name": "eggs", "friendly_name": "Eggs"}}, {"model": "products.category", "pk": 16, "fields": {"name": "meat", "friendly_name": "Meat"}}, {"model": "products.category", "pk": 17, "fields": {"name": "fish", "friendly_name": "Fish"}}, {"model": "products.category", "pk": 18, "fields": {"name": "non-alcoholic", "friendly_name": "Non-Alcoholic"}}, {"model": "products.category", "pk": 19, "fields": {"name": "alcoholic", "friendly_name": "Alcoholic"}}, {"model": "products.category", "pk": 20, "fields": {"name": "detergents", "friendly_name": "Detergents"}}, {"model": "products.category", "pk": 21, "fields": {"name": "toiletries", "friendly_name": "Toiletries"}}, {"model": "products.category", "pk": 22, "fields": {"name": "other household", "friendly_name": "Other Household"}}, {"model": "products.category", "pk": 23, "fields": {"name": "fruits", "friendly_name": "Fruits"}}, {"model": "products.category", "pk": 24, "fields": {"name": "vegetables", "friendly_name": "Vegetables"}}, {"model": "products.category", "pk": 25, "fields": {"name": "canned goods", "friendly_name": "Canned Goods"}}, {"model": "products.category", "pk": 26, "fields": {"name": "instant noodles", "friendly_name": "Instant Noodles"}}, {"model": "products.category", "pk": 27, "fields": {"name": "cooking Oil", "friendly_name": "Cooking Oil"}}, {"model": "products.product", "pk": 76, "fields": {"category": 19, "sku": "A0015", "name": "Mojitos Tequila Gold", "description": "Mojitos Tequila Gold 750mL", "price": "313.00", "image_url": "https://alak.ph/product/mojitos-tequila-gold-750ml/", "image": "Mojitos_Tequila_Gold_750mL.jpg"}}, {"model": "products.product", "pk": 77, "fields": {"category": 19, "sku": "A0012", "name": "Tanduay Ice Original", "description": "Tanduay Ice Original 330mL", "price": "34.00", "image_url": "https://alak.ph/product/tanduay-ice-original-blue-red-330ml/", "image": "Tanduay_Ice_Original_330mL.png"}}, {"model": "products.product", "pk": 78, "fields": {"category": 19, "sku": "A0011", "name": "San Mig Light Can 330mL", "description": "San Mig Light Can 330mL", "price": "40.00", "image_url": "https://alak.ph/product/san-mig-light-can-330ml/", "image": "San_Mig_Light_Can_330mL.png"}}, {"model": "products.product", "pk": 79, "fields": {"category": 19, "sku": "A0010", "name": "Island Coco Lambanog Bubble Gum", "description": "Island Coco Lambanog Bubble Gum 750mL", "price": "94.00", "image_url": "https://alak.ph/product/island-coco-lambanog-bubble-gum-750ml/", "image": "Island_Coco_Lambanog_Bubble_Gum_750mL.jpg"}}, {"model": "products.product", "pk": 80, "fields": {"category": 19, "sku": "A0009", "name": "Island Coco Lambanog Puro", "description": "Island Coco Lambanog Puro 750mL", "price": "125.00", "image_url": "https://alak.ph/product/island-coco-lambanog-puro-750ml/", "image": "Island_Coco_Lambanog_Puro_750mL.jpg"}}, {"model": "products.product", "pk": 81, "fields": {"category": 19, "sku": "A0008", "name": "Gin Premium", "description": "Gin Premium 750mL", "price": "213.00", "image_url": "https://alak.ph/product/gin-premium-750ml/", "image": "Gin_Premium_750mL.png"}}, {"model": "products.product", "pk": 82, "fields": {"category": 19, "sku": "A0007", "name": "Gin Blue Light", "description": "Gin Blue Light 700mL", "price": "125.00", "image_url": "https://alak.ph/product/gin-blue-light-700ml/", "image": "Gin_Blue_Light_700mL.jpg"}}, {"model": "products.product", "pk": 83, "fields": {"category": 19, "sku": "A0006", "name": "Gin 4 x 4", "description": "Gin 750mL (Frasco)", "price": "138.00", "image_url": "https://alak.ph/product/gin-750ml-frasco/", "image": "Gin_750mL_Frasco.jpg"}}, {"model": "products.product", "pk": 84, "fields": {"category": 19, "sku": "A0005", "name": "Gin (Round)", "description": "Gin 375mL (Round)", "price": "75.00", "image_url": "https://alak.ph/product/gin-375ml-round/", "image": "Gin_375mL_Round.jpg"}}, {"model": "products.product", "pk": 85, "fields": {"category": 19, "sku": "A0004", "name": "Capt. Morgan Spice Rhum", "description": "Capt. Morgan Spice Rhum 750mL", "price": "538.00", "image_url": "https://alak.ph/product/capt-morgan-spice-rhum-750ml/", "image": "Capt._Morgan_Spice_Rhum_750mL.jpg"}}, {"model": "products.product", "pk": 86, "fields": {"category": 19, "sku": "A0003", "name": "Andy Player", "description": "Andy Player 500mL", "price": "206.00", "image_url": "https://alak.ph/product/andy-player-500ml/", "image": "Andy_Player_500mL.jpg"}}, {"model": "products.product", "pk": 87, "fields": {"category": 19, "sku": "A0002", "name": "Smirnoff Mule Bottle", "description": "Smirnoff Mule Bottle 330mL", "price": "49.00", "image_url": "https://alak.ph/product/smirnoff-mule-bottle-330ml/", "image": "Smirnoff_Mule_Bottle_330mL.png"}}, {"model": "products.product", "pk": 88, "fields": {"category": 19, "sku": "A0001", "name": "San Mig Pale pilsen in can", "description": "San Mig Pale pilsen in can 330ml", "price": "56.00", "image_url": "https://www.savvys.ph/products/san-mig-pale-pilsen-in-can", "image": "San_Mig_Light_Can_330mL_CeHGmjA.png"}}, {"model": "products.product", "pk": 89, "fields": {"category": 18, "sku": "NA0028", "name": "Zesto Grape Juice Drink", "description": "Zesto Grape Juice Drink 200ml X 10", "price": "80.50", "image_url": "https://gorobinsons.ph/collections/beverages/products/zesto-grape-juice-drink-200ml-x-10-604-rs-forum-pioneer", "image": "Zesto_Grape_Juice_Drink_200ml_X_10.jpg"}}, {"model": "products.product", "pk": 90, "fields": {"category": 18, "sku": "NA0027", "name": "Zesto Apple Juice Drink", "description": "Zesto Apple Juice Drink 200ml X 10", "price": "80.50", "image_url": "https://gorobinsons.ph/collections/beverages/products/zesto-apple-juice-drink-200ml-x-10-604-rs-forum-pioneer", "image": "Zesto_Apple_Juice_Drink_200ml_X_10.jpg"}}, {"model": "products.product", "pk": 91, "fields": {"category": 18, "sku": "NA0026", "name": "Kopiko Brown Twinpack", "description": "Kopiko Brown Twinpack 53g", "price": "11.00", "image_url": "https://gorobinsons.ph/collections/beverages/products/kopiko-brown-twinpack-53g-604-rs-forum-pioneer", "image": "Kopiko_Brown_Twinpack_53g.jpg"}}, {"model": "products.product", "pk": 92, "fields": {"category": 18, "sku": "NA0025", "name": "Zesto Root Beer", "description": "Zesto Root Beer 1.5L", "price": "51.00", "image_url": "https://gorobinsons.ph/collections/beverages/products/zesto-root-beer-1-5l-604-rs-forum-pioneer", "image": "Zesto_Root_Beer_1.5L.jpg"}}, {"model": "products.product", "pk": 93, "fields": {"category": 18, "sku": "NA0024", "name": "NESTEA Iced Tea Apple Blend", "description": "NESTEA Iced Tea Apple Blend Litro Pack 25g", "price": "19.00", "image_url": "https://gorobinsons.ph/collections/beverages/products/nestea-iced-tea-apple-blend-litro-pack-25g-604-rs-forum-pioneer", "image": "NESTEA_Iced_Tea_Apple_Blend_Litro_Pack_25g.jpg"}}, {"model": "products.product", "pk": 94, "fields": {"category": 18, "sku": "NA0023", "name": "Zesto Orange Juice Drink", "description": "Zesto Orange Juice Drink 200ml X 10", "price": "80.50", "image_url": "https://gorobinsons.ph/collections/beverages/products/zesto-orange-juice-drink-200ml-x-10-604-rs-forum-pioneer", "image": "Zesto_Orange_Juice_Drink_200ml_X_10.jpg"}}, {"model": "products.product", "pk": 95, "fields": {"category": 18, "sku": "NA0022", "name": "Tang Orange Flavor", "description": "Tang Orange Flavor Instant Drink Mix 25G", "price": "18.00", "image_url": "https://gorobinsons.ph/collections/beverages/products/tang-orange-flavor-instant-drink-mix-25g-604-rs-forum-pioneer", "image": "Tang_Orange_Flavor_Instant_Drink_Mix_25G.jpg"}}, {"model": "products.product", "pk": 96, "fields": {"category": 18, "sku": "NA0021", "name": "Tang Orange Mango", "description": "Tang Instant Drink Mix Orange Mango Flavor 25G", "price": "18.00", "image_url": "https://gorobinsons.ph/collections/beverages/products/tang-instant-drink-mix-orange-mango-flavor-25g-604-rs-forum-pioneer", "image": "Tang_Instant_Drink_Mix_Orange_Mango_Flavor_25G.jpg"}}, {"model": "products.product", "pk": 97, "fields": {"category": 18, "sku": "NA0019", "name": "Pepsi", "description": "Pepsi Black Max 1.5L", "price": "62.25", "image_url": "https://gorobinsons.ph/collections/beverages/products/pepsi-black-max-1-5l-604-rs-forum-pioneer", "image": "Pepsi_Black_Max_1.5L.jpg"}}, {"model": "products.product", "pk": 98, "fields": {"category": 18, "sku": "NA0018", "name": "NESCAFE Blend and Brew Brown", "description": "NESCAFE Blend and Brew Brown 27.5g", "price": "6.85", "image_url": "https://gorobinsons.ph/collections/beverages/products/nescafe-blend-and-brew-brown-27-5g-604-rs-forum-pioneer", "image": "NESCAFE_Blend_and_Brew_Brown_27.5g.jpg"}}, {"model": "products.product", "pk": 99, "fields": {"category": 18, "sku": "NA0017", "name": "NESCAFE 3-in-1 Creamylatte", "description": "NESCAFE 3-in-1 Creamylatte 27.5g", "price": "6.85", "image_url": "https://gorobinsons.ph/collections/beverages/products/nescafe-3-in-1-creamylatte-27-5g-604-rs-forum-pioneer", "image": "NESCAFE_3-in-1_Creamylatte_27.5g.jpg"}}, {"model": "products.product", "pk": 100, "fields": {"category": 18, "sku": "NA0016", "name": "MILO ACTIV-GO", "description": "MILO ACTIV-GO Winner Choco Malt Powdered Milk Drink 24g", "price": "7.05", "image_url": "https://gorobinsons.ph/collections/beverages/products/milo-activ-go-winner-choco-malt-powdered-milk-drink-24g-604-rs-forum-pioneer", "image": "MILO_ACTIV-GO_Winner_Choco_Malt_Powdered_Milk_Drink_24g.jpg"}}, {"model": "products.product", "pk": 101, "fields": {"category": 18, "sku": "NA0015", "name": "Kopiko Brown 3 in 1", "description": "Kopiko Brown 3 in 1 Coffee 25G", "price": "7.30", "image_url": "https://gorobinsons.ph/collections/beverages/products/kopiko-brown-3-in-1-coffee-25g-604-rs-forum-pioneer", "image": "Kopiko_Brown_3_in_1_Coffee_25G.jpg"}}, {"model": "products.product", "pk": 102, "fields": {"category": 18, "sku": "NA0014", "name": "Great Taste 3-in-1 White Caramel", "description": "Great Taste 3-in-1 White Caramel 50G Twin Pack", "price": "10.00", "image_url": "https://gorobinsons.ph/collections/beverages/products/great-taste-3-in-1-white-caramel-50g-twin-pack-604-rs-forum-pioneer", "image": "Great_Taste_3-in-1_White_Caramel_Twin_Pack.jpg"}}, {"model": "products.product", "pk": 103, "fields": {"category": 18, "sku": "NA0013", "name": "Great Taste 3-in-1 Original", "description": "Great Taste 3-in-1 Original 33G Twin Pack", "price": "7.85", "image_url": "https://gorobinsons.ph/collections/beverages/products/great-taste-3-in-1-original-33g-twin-pack-604-rs-forum-pioneer", "image": "Great_Taste_3-in-1_Original_Twin_Pack.jpg"}}, {"model": "products.product", "pk": 104, "fields": {"category": 18, "sku": "NA0012", "name": "Coca-Cola Regular 2L", "description": "Coca-Cola Regular 2L", "price": "73.50", "image_url": "https://gorobinsons.ph/collections/beverages/products/coca-cola-regular-2l-604-rs-forum-pioneer", "image": "Coke_Regular_2L.jpg"}}, {"model": "products.product", "pk": 105, "fields": {"category": 18, "sku": "NA0011", "name": "Coca-Cola Regular 1.5L", "description": "Coca-Cola Regular 1.5L", "price": "63.00", "image_url": "https://gorobinsons.ph/collections/beverages/products/coca-cola-regular-1-5l-604-rs-forum-pioneer", "image": "Coke_Regular_1.5L.jpg"}}, {"model": "products.product", "pk": 106, "fields": {"category": 18, "sku": "NA0010", "name": "Coca-Cola Light 1.5L", "description": "Coca-Cola Light 1.5L", "price": "63.00", "image_url": "https://gorobinsons.ph/collections/beverages/products/coca-cola-light-1-5l-604-rs-forum-pioneer", "image": "Coke_Light_1.5L_MRDVHoL.jpg"}}, {"model": "products.product", "pk": 107, "fields": {"category": 18, "sku": "NA0009", "name": "C2 Cool & Clean Lemon Green Tea", "description": "C2 Cool & Clean Lemon Green Tea 335ML", "price": "19.50", "image_url": "https://gorobinsons.ph/collections/beverages/products/c2-cool-clean-lemon-green-tea-335ml-604-rs-forum-pioneer", "image": "C2_Cool__Clean_Lemon_Green_Tea_335ML.jpg"}}, {"model": "products.product", "pk": 108, "fields": {"category": 18, "sku": "NA0008", "name": "C2 Cool & Clean Lemon Green Tea 1L", "description": "C2 Cool & Clean Lemon Green Tea 1L", "price": "43.00", "image_url": "https://gorobinsons.ph/collections/beverages/products/c2-cool-clean-lemon-green-tea-1l-604-rs-forum-pioneer", "image": "C2_Cool__Clean_Lemon_Green_Tea_1L.jpg"}}, {"model": "products.product", "pk": 109, "fields": {"category": 18, "sku": "NA0007", "name": "C2 Cool & Clean Classic Green Tea", "description": "C2 Cool & Clean Classic Green Tea 335ML", "price": "19.50", "image_url": "https://gorobinsons.ph/collections/beverages/products/c2-cool-clean-classic-green-tea-335ml-604-rs-forum-pioneer", "image": "C2_Cool__Clean_Classic_Green_Tea_335ML.jpg"}}, {"model": "products.product", "pk": 110, "fields": {"category": 18, "sku": "NA0006", "name": "C2 Cool & Clean Apple Green Tea 335ML", "description": "C2 Cool & Clean Apple Green Tea 335ML", "price": "19.50", "image_url": "https://gorobinsons.ph/collections/beverages/products/c2-cool-clean-apple-green-tea-335ml-604-rs-forum-pioneer", "image": "C2_Cool__Clean_Apple_Green_Tea_335ML.jpg"}}, {"model": "products.product", "pk": 111, "fields": {"category": 18, "sku": "NA0005", "name": "Blend45 3 in 1 Coffee Mix", "description": "Blend45 3 in 1 Coffee Mix 20G", "price": "4.10", "image_url": "https://gorobinsons.ph/collections/beverages/products/blend45-3-in-1-coffee-mix-20g-604-rs-forum-pioneer", "image": "Blend45_3_in_1_Coffee_Mix.png"}}, {"model": "products.product", "pk": 112, "fields": {"category": 18, "sku": "NA0004", "name": "Sprite Regular 1.5L", "description": "Sprite Regular 1.5L", "price": "63.00", "image_url": "https://gorobinsons.ph/collections/beverages/products/sprite-regular-1-5l-604-rs-forum-pioneer", "image": "Sprite_Regular_1.5L.jpg"}}, {"model": "products.product", "pk": 113, "fields": {"category": 18, "sku": "NA0003", "name": "Great Taste White Twin Pack 3 in 1", "description": "Great Taste White Twin Pack 3 in 1 Coffee Mix 50G", "price": "10.00", "image_url": "https://gorobinsons.ph/collections/beverages/products/great-taste-white-twin-pack-3-in-1-coffee-mix-50g-604-rs-forum-pioneer", "image": "Great_Taste_White_Twin_Pack_3_in_1.jpg"}}, {"model": "products.product", "pk": 114, "fields": {"category": 18, "sku": "NA0002", "name": "Coca-cola Light 2L", "description": "Coca-cola Light 2L", "price": "73.50", "image_url": "https://gorobinsons.ph/collections/beverages/products/coca-cola-light-2l-604-rs-forum-pioneer", "image": "Coke_Light_2L.jpg"}}, {"model": "products.product", "pk": 115, "fields": {"category": 18, "sku": "NA0001", "name": "C2 Cool & Clean Apple Green Tea 1L", "description": "C2 Cool & Clean Apple Green Tea 1L", "price": "43.00", "image_url": "https://gorobinsons.ph/collections/beverages/products/c2-cool-clean-apple-green-tea-1l-604-rs-forum-pioneer", "image": "C2_Cool__Clean_Apple_Green_Tea_1L.jpg"}}, {"model": "products.product", "pk": 116, "fields": {"category": 15, "sku": "E0001", "name": "Fresh Eggs Medium (Tray)", "description": "Fresh Eggs Medium (Tray ) 30 pieces", "price": "195.50", "image_url": "https://antshop.ph/product/dairy-eggs/eggs/fresh-eggs-medium-tray/", "image": "Fresh_Eggs_Medium_Tray.jpeg"}}, {"model": "products.product", "pk": 117, "fields": {"category": 15, "sku": "E0002", "name": "Fresh Eggs Small (Tray)", "description": "Fresh Eggs Small (Tray) 30 pieces", "price": "186.50", "image_url": "https://antshop.ph/product/dairy-eggs/eggs/fresh-eggs-small-tray/", "image": "Fresh_Eggs_Small_Tray.jpeg"}}, {"model": "products.product", "pk": 118, "fields": {"category": 15, "sku": "E0003", "name": "Fresh Eggs XL (Tray)", "description": "Fresh Eggs XL (Tray) 30 pieces", "price": "217.00", "image_url": "https://antshop.ph/product/dairy-eggs/eggs/fresh-eggs-xl-tray/", "image": "Fresh_Eggs_XL_Tray.jpeg"}}, {"model": "products.product", "pk": 119, "fields": {"category": 15, "sku": "E0004", "name": "Fresh Eggs Large (Tray)", "description": "Fresh Eggs Large (Tray) 30 pieces", "price": "204.50", "image_url": "https://antshop.ph/product/dairy-eggs/eggs/fresh-eggs-large-tray/", "image": "Fresh_Eggs_Large_Tray.jpeg"}}, {"model": "products.product", "pk": 120, "fields": {"category": 15, "sku": "E0005", "name": "Free Range Eggs", "description": "Mixed Sizes Free Range Native Chicken Eggs 1 tray ( 30 Pieces )", "price": "250.00", "image_url": "https://media.karousell.com/media/photos/products/2019/08/01/110019_243137255_thumbnail_progressive_thumbnail.jpg", "image": "Free_Range_Native_Chicken_Eggs.jpg"}}, {"model": "products.product", "pk": 121, "fields": {"category": 16, "sku": "M0001", "name": "Whole Fresh Chicken Regular", "description": "Whole Fresh Chicken Regular 1 - 1.1 kg", "price": "170.00", "image_url": "https://mygroceryph.com/bounty-fresh-chicken-regular-9-1-1kg.html", "image": "Whole_Fresh_Chicken.jpg"}}, {"model": "products.product", "pk": 122, "fields": {"category": 16, "sku": "M0003", "name": "Native Chicken", "description": "Free Range Native Chicken Live approximately 1 KG", "price": "200.00", "image_url": "https://www.agriculture.com.ph/2018/11/21/native-chicken-farming/", "image": "Native_Chicken.jpg"}}, {"model": "products.product", "pk": 123, "fields": {"category": 16, "sku": "M0004", "name": "Broiler", "description": "Broiler 1kg", "price": "150.00", "image_url": "https://pixelatedplanet.net/2018/10/how-to-start-a-poultry-farm-business-in-the-philippines/", "image": "Broiler.jpg"}}, {"model": "products.product", "pk": 124, "fields": {"category": 17, "sku": "F0001", "name": "Tilapia", "description": "Tilapia 1kg", "price": "175.00", "image_url": "https://www.savvys.ph/products/tilapia?_pos=1&_sid=9d39e68a2&_ss=r", "image": "Tilapia.jpg"}}, {"model": "products.product", "pk": 125, "fields": {"category": 17, "sku": "F0002", "name": "Bangus", "description": "Bangus 1kg", "price": "200.00", "image_url": "https://antshop.ph/product/fresh/fresh-sea-foods/bangus-big-1-kg/", "image": "Bangus.jpg"}}, {"model": "products.product", "pk": 126, "fields": {"category": 23, "sku": "FR0001", "name": "Dragon Fruit", "description": "Dragon Fruit 1kg", "price": "300.00", "image_url": "https://mygroceryph.com/dragon-fruit-1kg.html", "image": "Dragon_Fruit.jpeg"}}, {"model": "products.product", "pk": 127, "fields": {"category": 23, "sku": "FR0002", "name": "Banana Saba", "description": "Banana Saba 1kg", "price": "70.00", "image_url": "https://mygroceryph.com/banana-saba-1kg.html", "image": "Banana_Saba.jpeg"}}, {"model": "products.product", "pk": 128, "fields": {"category": 23, "sku": "FR0003", "name": "Papaya ripe", "description": "Papaya ripe 2kg", "price": "180.00", "image_url": "https://mygroceryph.com/papaya-ripe-1-1-2kg.html", "image": "Papaya_ripe.png"}}, {"model": "products.product", "pk": 129, "fields": {"category": 23, "sku": "FR0004", "name": "Banana Lakatan", "description": "Banana Lakatan", "price": "120.00", "image_url": "https://mygroceryph.com/banana-lakatan-1-piling.html", "image": "Banana_Lakatan.png"}}, {"model": "products.product", "pk": 130, "fields": {"category": 23, "sku": "FR0005", "name": "Kamote", "description": "Kamote 500g", "price": "45.00", "image_url": "https://mygroceryph.com/kamote-500g.html", "image": "Kamote.jpg"}}, {"model": "products.product", "pk": 131, "fields": {"category": 23, "sku": "FR0006", "name": "Papayang Puti", "description": "Papayang Puti 500g", "price": "37.00", "image_url": "https://mygroceryph.com/papayang-puti-500g.html", "image": "Papayang_Puti.jpeg"}}, {"model": "products.product", "pk": 132, "fields": {"category": 23, "sku": "FR0007", "name": "Calamansi", "description": "Calamansi 250g", "price": "35.00", "image_url": "https://mygroceryph.com/calamansi-250g.html", "image": "Calamansi.jpg"}}, {"model": "products.product", "pk": 133, "fields": {"category": 23, "sku": "FR0008", "name": "Tomatoes", "description": "Tomatoes 500g", "price": "100.00", "image_url": "https://mygroceryph.com/tomatoes-500g.html", "image": "Tomatoes.jpg"}}, {"model": "products.product", "pk": 134, "fields": {"category": 24, "sku": "VE0001", "name": "Tanglad", "description": "Tanglad 1 tali", "price": "15.00", "image_url": "https://mygroceryph.com/tanglad-1-tali.html", "image": "Tanglad_1_tali.jpg"}}, {"model": "products.product", "pk": 135, "fields": {"category": 24, "sku": "VE0002", "name": "Siling Labuyo", "description": "Siling Labuyo 250g", "price": "65.00", "image_url": "https://mygroceryph.com/siling-labuyo-250g.html", "image": "Siling_Labuyo.jpg"}}, {"model": "products.product", "pk": 136, "fields": {"category": 24, "sku": "VE0003", "name": "Puso ng Saging", "description": "Puso ng Saging 1 piece", "price": "60.00", "image_url": "https://mygroceryph.com/puso-ng-saging-1pc.html", "image": "Puso_ng_Saging.png"}}, {"model": "products.product", "pk": 137, "fields": {"category": 24, "sku": "VE0004", "name": "Kangkong", "description": "Kangkong 125g (1 tali)", "price": "20.00", "image_url": "https://mygroceryph.com/kangkong-1-tali.html", "image": "Kangkong.png"}}, {"model": "products.product", "pk": 138, "fields": {"category": 24, "sku": "VE0005", "name": "Saluyot", "description": "Saluyot 125g", "price": "150.00", "image_url": "https://mygroceryph.com/saluyot-1-tali.html", "image": "Saluyot.jpg"}}, {"model": "products.product", "pk": 139, "fields": {"category": 24, "sku": "VE0006", "name": "Gabi", "description": "Gabi 500g", "price": "70.00", "image_url": "https://mygroceryph.com/gabi-500g.html", "image": "Gabi.jpg"}}, {"model": "products.product", "pk": 140, "fields": {"category": 24, "sku": "VE0007", "name": "Dahon ng Sili", "description": "Dahon ng Sili 50g", "price": "15.00", "image_url": "https://mygroceryph.com/dahol-ng-sili-1-tali.html", "image": "Dahon_ng_Sili.jpg"}}, {"model": "products.product", "pk": 141, "fields": {"category": 24, "sku": "VE0008", "name": "Spring Onions", "description": "Spring Onions  20g", "price": "15.00", "image_url": "https://mygroceryph.com/spring-onions-1-tali.html", "image": "Spring_Onions.jpg"}}, {"model": "products.product", "pk": 142, "fields": {"category": 24, "sku": "VE0009", "name": "Native Pechay", "description": "Native Pechay 100g", "price": "20.00", "image_url": "https://mygroceryph.com/native-pechay-1-tali.html", "image": "Native_Pechay.jpg"}}, {"model": "products.product", "pk": 143, "fields": {"category": 24, "sku": "VE0010", "name": "Cabbage", "description": "Cabbage 500-600g", "price": "80.00", "image_url": "https://mygroceryph.com/cabbage-1000g.html", "image": "Cabbage.jpg"}}, {"model": "products.product", "pk": 144, "fields": {"category": 24, "sku": "VE0011", "name": "Sayote", "description": "Sayote 500g", "price": "45.00", "image_url": "https://mygroceryph.com/sayote-500g.html", "image": "Sayote.jpg"}}, {"model": "products.product", "pk": 145, "fields": {"category": 24, "sku": "VE0012", "name": "Eggplant", "description": "Eggplant 500g", "price": "90.00", "image_url": "https://mygroceryph.com/eggplant-500g.html", "image": "Eggplant.jpeg"}}, {"model": "products.product", "pk": 146, "fields": {"category": 24, "sku": "VE0013", "name": "Okra", "description": "Okra 100g", "price": "15.00", "image_url": "https://mygroceryph.com/okra-1-tali.html", "image": "Okra.jpg"}}, {"model": "products.product", "pk": 147, "fields": {"category": 24, "sku": "VE0014", "name": "Squash", "description": "squash 500g", "price": "45.00", "image_url": "https://mygroceryph.com/squash-500g.html", "image": "Squash.jpg"}}, {"model": "products.product", "pk": 148, "fields": {"category": 20, "sku": "DT0001", "name": "Zonrox Bleach Original", "description": "Zonrox Bleach Original 500ml", "price": "21.75", "image_url": "https://gorobinsons.ph/collections/household-laundry-1/products/zonrox-bleach-original-500ml-604-rs-forum-pioneer", "image": "Zonrox_Bleach_Original.jpg"}}, {"model": "products.product", "pk": 149, "fields": {"category": 20, "sku": "DT0002", "name": "Surf Powder Detergent Sun Fresh Pouch", "description": "Surf Powder Detergent Sun Fresh Pouch 2.2kg", "price": "180.00", "image_url": "https://gorobinsons.ph/collections/household-laundry-1/products/surf-powder-detergent-sun-fresh-pouch-2-2kg-604-rs-forum-pioneer", "image": "Surf_Powder_Detergent_Sun_Fresh_Pouch.jpg"}}, {"model": "products.product", "pk": 150, "fields": {"category": 20, "sku": "DT0003", "name": "Tide Powder Detergent Original", "description": "Tide Powder Detergent Original 1.70kg", "price": "200.00", "image_url": "https://gorobinsons.ph/collections/household-laundry-1/products/tide-powder-detergent-original-1-70kg-604-rs-forum-pioneer", "image": "Tide_Powder_Detergent_Original.jpg"}}, {"model": "products.product", "pk": 151, "fields": {"category": 20, "sku": "DT0004", "name": "Ariel Liquid Detergent w/ Downy Bottle", "description": "Ariel Liquid Detergent w/ Downy Bottle 900ML", "price": "168.00", "image_url": "https://gorobinsons.ph/collections/household-laundry-1/products/ariel-liquid-detergent-w-downy-bottle-900ml-604-rs-forum-pioneer", "image": "Ariel_Liquid_Detergent_with_Downy_Bottle.jpg"}}, {"model": "products.product", "pk": 152, "fields": {"category": 20, "sku": "DT0005", "name": "Ariel Powder Detergent Instashine Fresh Clean", "description": "Ariel Powder Detergent Instashine Fresh Clean 1.41kg", "price": "300.00", "image_url": "https://gorobinsons.ph/collections/household-laundry-1/products/ariel-powder-detergent-instashine-fresh-clean-1-41kg-604-rs-forum-pioneer", "image": "Ariel_Powder_Detergent_Instashine_Fresh_Clean.jpg"}}, {"model": "products.product", "pk": 153, "fields": {"category": 20, "sku": "DT0006", "name": "Comfort Liquid Care Detergent Casual Care Bottle", "description": "Comfort Liquid Care Detergent Casual Care Bottle", "price": "162.50", "image_url": "https://gorobinsons.ph/collections/household-laundry-1/products/comfort-liquid-care-detergent-casual-care-bottle-850ml-604-rs-forum-pioneer", "image": "Comfort_Liquid_Care_Detergent_Casual_Care_Bottle.jpg"}}, {"model": "products.product", "pk": 154, "fields": {"category": 20, "sku": "DT0007", "name": "Downy Fabric Conditioner Passion Refill", "description": "Downy Fabric Conditioner Passion Refill 1.3L", "price": "275.00", "image_url": "https://gorobinsons.ph/collections/household-laundry-1/products/downy-fabric-conditioner-passion-refill-1-3l-604-rs-forum-pioneer", "image": "Downy_Fabric_Conditioner_Passion_Refill.jpg"}}, {"model": "products.product", "pk": 155, "fields": {"category": 22, "sku": "OH0001", "name": "Baygon Multi Insect Killer", "description": "Baygon Multi Insect Killer 500ml", "price": "312.25", "image_url": "https://gorobinsons.ph/collections/household-laundry-1/products/baygon-multi-insect-killer-500ml-604-rs-forum-pioneer", "image": "Baygon_Multi_Insect_Killer.jpg"}}, {"model": "products.product", "pk": 156, "fields": {"category": 22, "sku": "OH0002", "name": "Baygon Mosquito Killer Coil Lavender", "description": "Baygon Mosquito Killer Coil Lavender 10pcs", "price": "17.00", "image_url": "https://gorobinsons.ph/collections/household-laundry-1/products/baygon-mosquito-killer-coil-lavender-10s-604-rs-forum-pioneer", "image": "Baygon_Mosquito_Killer_Coil_Lavender.jpg"}}, {"model": "products.product", "pk": 157, "fields": {"category": 22, "sku": "OH0003", "name": "Baygon Protector Crawling Insects Killer", "description": "Baygon Protector Crawling Insects Killer300ml", "price": "218.70", "image_url": "https://gorobinsons.ph/collections/household-laundry-1/products/baygon-protector-crawling-insects-killer-300ml-604-rs-forum-pioneer", "image": "Baygon_Protector_Crawling_Insects_Killer.jpg"}}, {"model": "products.product", "pk": 158, "fields": {"category": 22, "sku": "OH0004", "name": "Domex Multi Purpose Cleaner Classic Blue", "description": "Domex Multi Purpose Cleaner Classic Blue 500 ml", "price": "92.70", "image_url": "https://gorobinsons.ph/collections/household-laundry-1/products/domex-multi-purpose-cleaner-classic-blue-500ml-604-rs-forum-pioneer", "image": "Domex_Multi_Purpose_Cleaner_Classic_Blue.jpg"}}, {"model": "products.product", "pk": 159, "fields": {"category": 22, "sku": "OH0005", "name": "Duck Deep Action Gel Lavander", "description": "Duck Deep Action Gel Lavander 500ML", "price": "144.00", "image_url": "https://gorobinsons.ph/collections/household-laundry-1/products/duck-deep-action-gel-lavander-500ml-604-rs-forum-pioneer", "image": "Duck_Deep_Action_Gel_Lavander.jpg"}}, {"model": "products.product", "pk": 160, "fields": {"category": 22, "sku": "OH0006", "name": "Femme Bathroom Tissue 2Ply 300 Sheets", "description": "Femme Bathroom Tissue 2Ply 300 Sheets 12 rolls", "price": "96.00", "image_url": "https://gorobinsons.ph/collections/household-laundry-1/products/femme-bathroom-tissue-2ply-300-sheets-x-12s-604-rs-forum-pioneer", "image": "Femme_Bathroom_Tissue_2Ply_300_Sheets.jpg"}}, {"model": "products.product", "pk": 161, "fields": {"category": 22, "sku": "OH0007", "name": "Kleenex Bathroom Tissue Ultra Soft 3Ply 165 Sheets", "description": "Kleenex Bathroom Tissue Ultra Soft 3Ply 165 Sheets 12 rolls", "price": "246.75", "image_url": "https://gorobinsons.ph/collections/household-laundry-1/products/kleenex-bathroom-tissue-ultra-soft-3ply-165-sheets-12s-604-rs-forum-pioneer", "image": "Kleenex_Bathroom_Tissue_Ultra_Soft_3Ply_165_Sheets.jpg"}}, {"model": "products.product", "pk": 162, "fields": {"category": 22, "sku": "OH0008", "name": "Band Aid Alcohol Isopropyl", "description": "Band Aid Alcohol Isopropyl 60% 500ML", "price": "99.75", "image_url": "https://gorobinsons.ph/collections/health-beauty/products/band-aid-alcohol-isopropyl-60-500ml-604-rs-forum-pioneer", "image": "Band_Aid_Alcohol_Isopropyl.jpg"}}, {"model": "products.product", "pk": 163, "fields": {"category": 21, "sku": "OH0009", "name": "Green Cross Alcohol Ethyl 70% with Moisturizer", "description": "Green Cross Alcohol Ethyl 70% with Moisturizer 250ML", "price": "47.25", "image_url": "https://gorobinsons.ph/collections/health-beauty/products/green-cross-alcohol-ethyl-70-with-moisturizer-250ml-604-rs-forum-pioneer", "image": "Green_Cross_Alcohol_Ethyl_70_with_Moisturizer.jpg"}}, {"model": "products.product", "pk": 164, "fields": {"category": 22, "sku": "OH0010", "name": "Modess Sanitary Pads All Night Cottony Soft with Wings", "description": "Modess Sanitary Pads All Night Cottony Soft with Wings 10pcs", "price": "105.75", "image_url": "https://gorobinsons.ph/collections/health-beauty/products/modess-sanitary-pads-all-night-cottony-soft-with-wings-10s-604-rs-forum-pioneer", "image": "Modess_Sanitary_Pads_All_Night_Cottony_Soft_with_Wings.jpg"}}, {"model": "products.product", "pk": 165, "fields": {"category": 22, "sku": "OH0011", "name": "Carefree Panty Liners Super Dry", "description": "Carefree Panty Liners Super Dry Shower Fresh Scent 40s", "price": "93.00", "image_url": "https://gorobinsons.ph/collections/health-beauty/products/carefree-panty-liners-super-dry-shower-fresh-scent-40s-604-rs-forum-pioneer", "image": "Carefree_Panty_Liners_Super_Dry.jpg"}}, {"model": "products.product", "pk": 166, "fields": {"category": 21, "sku": "TL0001", "name": "Colgate Anti-Cavity Family", "description": "Colgate Anti-Cavity Family Toothpaste Maximum Cavity Protection Great Regular Flavor 132G Twin Pack", "price": "119.00", "image_url": "https://gorobinsons.ph/collections/health-beauty/products/colgate-anti-cavity-family-toothpaste-maximum-cavity-protection-great-regular-flavor-132g-twin-pack-604-rs-forum-pioneer", "image": "Colgate_Anti-Cavity_Family.jpg"}}, {"model": "products.product", "pk": 167, "fields": {"category": 21, "sku": "TL0002", "name": "Colgate Anti Cavity Family Toothpaste Triple Action", "description": "Colgate Anti Cavity Family Toothpaste Triple Action Original Mint 175ML Twin Pack", "price": "159.00", "image_url": "https://gorobinsons.ph/collections/health-beauty/products/colgate-anti-cavity-family-toothpaste-triple-action-original-mint-175ml-twin-pack-604-rs-forum-pioneer", "image": "Colgate_Anti_Cavity_Family_Toothpaste_Triple_Action.jpg"}}, {"model": "products.product", "pk": 168, "fields": {"category": 21, "sku": "TL0003", "name": "Creamsilk Conditioner Dry Rescue", "description": "Creamsilk Conditioner Dry Rescue 11ml x 6 pcs", "price": "36.00", "image_url": "https://gorobinsons.ph/collections/health-beauty/products/creamsilk-conditioner-dry-rescue-11ml-x-6-pcs-604-rs-forum-pioneer", "image": "Creamsilk_Conditioner_Dry_Rescue.jpg"}}, {"model": "products.product", "pk": 169, "fields": {"category": 21, "sku": "TL0004", "name": "Listerine Coolmint Zero", "description": "Listerine Coolmint Zero 250ML", "price": "109.50", "image_url": "https://gorobinsons.ph/collections/health-beauty/products/listerine-coolmint-zero-250ml-604-rs-forum-pioneer", "image": "Listerine_Coolmint_Zero.jpg"}}, {"model": "products.product", "pk": 170, "fields": {"category": 21, "sku": null, "name": "Axe Dry Anti-Perspirant Deodorant Roll On", "description": "Axe Dry Anti-Perspirant Deodorant Roll On Black 40ML", "price": "96.00", "image_url": "https://gorobinsons.ph/collections/health-beauty/products/axe-dry-anti-perspirant-deodorant-roll-on-black-40ml-604-rs-forum-pioneer", "image": "Axe_Dry_Anti-Perspirant_Deodorant_Roll_On.jpg"}}, {"model": "products.product", "pk": 171, "fields": {"category": 21, "sku": "TL0006", "name": "Axe Dry Anti-Perspirant Deodorant Roll On Dark Temptation", "description": "Axe Dry Anti-Perspirant Deodorant Roll On Dark Temptation 40ML", "price": "87.00", "image_url": "https://gorobinsons.ph/collections/health-beauty/products/axe-dry-anti-perspirant-deodorant-roll-on-dark-temptation-40ml-604-rs-forum-pioneer", "image": "Axe_Dry_Anti-Perspirant_Deodorant_Roll_On_Dark_Temptation.jpg"}}, {"model": "products.product", "pk": 172, "fields": {"category": 21, "sku": "TL0007", "name": "Baby Dove Rich Moisture Baby Bar Soap", "description": "Baby Dove Rich Moisture Baby Bar Soap75g", "price": "45.00", "image_url": "https://gorobinsons.ph/collections/health-beauty/products/baby-dove-rich-moisture-baby-bar-soap-75g-604-rs-forum-pioneer", "image": "Baby_Dove_Rich_Moisture_Baby_Bar_Soap.jpg"}}, {"model": "products.product", "pk": 173, "fields": {"category": 21, "sku": "TL0008", "name": "Bactidol Oral Antiseptic", "description": "Bactidol Oral Antiseptic 60ml", "price": "109.25", "image_url": "https://gorobinsons.ph/collections/health-beauty/products/bactidol-oral-antiseptic-60ml-604-rs-forum-pioneer", "image": "Bactidol_Oral_Antiseptic.jpg"}}, {"model": "products.product", "pk": 174, "fields": {"category": 21, "sku": "TL0009", "name": "Clear Anti-Dandruff Men Shampoo", "description": "Clear Anti-Dandruff Men Shampoo Cool Sport Menthol 350ML", "price": "223.50", "image_url": "https://gorobinsons.ph/collections/health-beauty/products/clear-anti-dandruff-men-shampoo-cool-sport-menthol-350ml-604-rs-forum-pioneer", "image": "Clear_Anti-Dandruff_Men_Shampoo.jpg"}}, {"model": "products.product", "pk": 175, "fields": {"category": 21, "sku": "TL0010", "name": "Clear Men Shampoo Cool Sport", "description": "Clear Men Shampoo Cool Sport Menthol 12ML 6 sachets", "price": "34.50", "image_url": "https://gorobinsons.ph/collections/health-beauty/products/clear-men-shampoo-cool-sport-menthol-12ml-604-rs-forum-pioneer", "image": "Clear_Men_Shampoo_Cool_Sport.jpg"}}, {"model": "products.product", "pk": 176, "fields": {"category": 21, "sku": "TL0011", "name": "Close Up Gel Toothpaste", "description": "Close Up Gel Toothpaste Red Hot 95ML", "price": "76.50", "image_url": "https://gorobinsons.ph/collections/health-beauty/products/close-up-gel-toothpaste-red-hot-95ml-604-rs-forum-pioneer", "image": "Close_Up_Gel_Toothpaste.jpg"}}, {"model": "products.product", "pk": 177, "fields": {"category": 21, "sku": "TL0012", "name": "Dove Body Soap Men", "description": "Dove Body Soap Men Deep Clean 113G", "price": "72.00", "image_url": "https://gorobinsons.ph/collections/health-beauty/products/dove-body-soap-men-deep-clean-113g-604-rs-forum-pioneer", "image": "Dove_Body_Soap_Men.jpg"}}, {"model": "products.product", "pk": 178, "fields": {"category": 21, "sku": "TL0013", "name": "Dove Deodorant Spray", "description": "Dove Deodorant Spray Sensitive 150ML", "price": "200.00", "image_url": "https://gorobinsons.ph/collections/health-beauty/products/dove-deodorant-spray-sensitive-150ml-604-rs-forum-pioneer", "image": "Dove_Deodorant_Spray.jpg"}}, {"model": "products.product", "pk": 179, "fields": {"category": 13, "sku": "CO0001", "name": "UFC Gravy", "description": "UFC Gravy 50G", "price": "10.00", "image_url": "https://gorobinsons.ph/products/ufc-gravy-50g-604-rs-forum-pioneer", "image": "UFC_Gravy_50G.jpg"}}, {"model": "products.product", "pk": 180, "fields": {"category": 13, "sku": "CO0002", "name": "Datu Puti Oyster Sauce", "description": "Datu Puti Oyster Sauce 70g", "price": "11.25", "image_url": "https://gorobinsons.ph/products/datu-puti-oyster-sauce-70g-604-rs-forum-pioneer", "image": "Datu_Puti_Oyster_Sauce_70g.jpg"}}, {"model": "products.product", "pk": 181, "fields": {"category": 13, "sku": "CO0003", "name": "Datu Puti Soy Sauce", "description": "Datu Puti Soy Sauce 1L", "price": "50.75", "image_url": "https://gorobinsons.ph/products/datu-puti-soy-sauce-1l-604-rs-forum-pioneer", "image": "Datu_Puti_Soy_Sauce_1L.jpg"}}, {"model": "products.product", "pk": 182, "fields": {"category": 13, "sku": "CO0004", "name": "Maggi Supreme Sarap", "description": "Maggi Supreme Sarap Cooking Sauce 60g", "price": "12.00", "image_url": "https://gorobinsons.ph/products/maggi-supreme-sarap-cooking-sauce-60g-604-rs-forum-pioneer", "image": "Maggi_Supreme_Sarap_Cooking_Sauce_60g.jpg"}}, {"model": "products.product", "pk": 183, "fields": {"category": 13, "sku": "CO0005", "name": "Knorr Liquid Seasoning Original", "description": "Knorr Liquid Seasoning Original 250ml", "price": "79.30", "image_url": "https://gorobinsons.ph/products/knorr-liquid-seasoning-original-250ml-604-rs-forum-pioneer", "image": "Knorr_Liquid_Seasoning_Original_250ml.jpg"}}, {"model": "products.product", "pk": 184, "fields": {"category": 13, "sku": "CO0006", "name": "Mang Tomas", "description": "Mang Tomas All-Around Sarsa 325G", "price": "34.50", "image_url": "https://gorobinsons.ph/products/mang-tomas-all-around-sarsa-325g-604-rs-forum-pioneer", "image": "Mang_Tomas_All-Around_Sarsa_325G.jpg"}}, {"model": "products.product", "pk": 185, "fields": {"category": 13, "sku": "CO0007", "name": "Datu Puti Vinegar", "description": "Datu Puti Vinegar 1L", "price": "41.00", "image_url": "https://gorobinsons.ph/products/datu-puti-vinegar-1l-604-rs-forum-pioneer", "image": "Datu_Puti_Vinegar_1L.jpg"}}, {"model": "products.product", "pk": 186, "fields": {"category": 13, "sku": "CO0008", "name": "Knorr Sinigang Mix", "description": "Knorr Sinigang Mix Original Sampaloc 11g", "price": "5.40", "image_url": "https://gorobinsons.ph/products/knorr-sinigang-mix-original-sampaloc-11g-604-rs-forum-pioneer", "image": "Knorr_Sinigang_Mix_Original_Sampaloc_11g.jpg"}}, {"model": "products.product", "pk": 187, "fields": {"category": 13, "sku": "CO0009", "name": "Del Monte Ketchup", "description": "Del Monte Sweet Blend Ketchup 20OZ", "price": "56.00", "image_url": "https://gorobinsons.ph/products/del-monte-sweet-blend-ketchup-20oz-604-rs-forum-pioneer", "image": "Del_Monte_Sweet_Blend_Ketchup_20OZ.png"}}, {"model": "products.product", "pk": 188, "fields": {"category": 13, "sku": "CO0010", "name": "Knorr Pork Cubes", "description": "Knorr Pork Broth Cubes 20g", "price": "13.65", "image_url": "https://gorobinsons.ph/products/knorr-pork-broth-cubes-20g-604-rs-forum-pioneer", "image": "Knorr_Pork_Broth_Cubes_20g.jpg"}}, {"model": "products.product", "pk": 189, "fields": {"category": 13, "sku": "CO0011", "name": "Datu Puti Vinegar 385ML", "description": "Datu Puti Vinegar 385ML", "price": "16.75", "image_url": "https://gorobinsons.ph/products/datu-puti-vinegar-385ml-604-rs-forum-pioneer", "image": "Datu_Puti_Vinegar_385ML.jpg"}}, {"model": "products.product", "pk": 190, "fields": {"category": 13, "sku": "CO0012", "name": "Datu Puti Spiced Vinegar 350ML", "description": "Datu Puti Spiced Vinegar 350ML", "price": "40.00", "image_url": "https://gorobinsons.ph/products/datu-puti-spiced-vinegar-350ml-604-rs-forum-pioneer", "image": "Datu_Puti_Spiced_Vinegar_350ML.jpg"}}, {"model": "products.product", "pk": 191, "fields": {"category": 13, "sku": "CO0013", "name": "Datu Puti Soy Sauce 385ML", "description": "Datu Puti Soy Sauce 385ML", "price": "20.00", "image_url": "https://gorobinsons.ph/products/datu-puti-soy-sauce-385ml-604-rs-forum-pioneer", "image": "Datu_Puti_Soy_Sauce_385ML.jpg"}}, {"model": "products.product", "pk": 192, "fields": {"category": 13, "sku": "CO0014", "name": "McCormick Iodized Salt 300G", "description": "McCormick Iodized Salt 300G", "price": "46.25", "image_url": null, "image": "McCormick_Iodized_Salt_300G.jpg"}}, {"model": "products.product", "pk": 193, "fields": {"category": 13, "sku": "CO0015", "name": "McCormick Iodized Salt 1KG", "description": "McCormick Iodized Salt 1KG", "price": "41.25", "image_url": "https://gorobinsons.ph/products/mccormick-iodized-salt-1kg-604-rs-forum-pioneer", "image": "McCormick_Iodized_Salt_1KG.jpg"}}, {"model": "products.product", "pk": 194, "fields": {"category": 11, "sku": "FR0001", "name": "Purefoods Tender Juicy Hotdog", "description": "Purefoods Tender Juicy Hotdog Jumbo 1KG", "price": "188.00", "image_url": "https://gorobinsons.ph/collections/frozen/products/purefoods-tender-juicy-hotdog-jumbo-1kg-604-rs-forum-pioneer-1", "image": "Purefoods_Tender_Juicy_Hotdog_Jumbo_1KG.jpg"}}, {"model": "products.product", "pk": 195, "fields": {"category": 11, "sku": "FR0002", "name": "Pampanga's Best Tocino", "description": "Pampanga's Best Fatless Tocino 250G", "price": "83.75", "image_url": "https://gorobinsons.ph/collections/frozen/products/pampangas-best-fatless-tocino-250g-604-rs-forum-pioneer", "image": "Pampangas_Best_Fatless_Tocino_250G.jpg"}}, {"model": "products.product", "pk": 196, "fields": {"category": 11, "sku": "FR0003", "name": "Bibbo Cheesedog", "description": "Bibbo Cheesedog 1KG", "price": "183.50", "image_url": "https://gorobinsons.ph/collections/frozen/products/bibbo-cheesedog-1kg-604-rs-forum-pioneer", "image": "Bibbo_Cheesedog_1KG.jpg"}}, {"model": "products.product", "pk": 197, "fields": {"category": 11, "sku": "FR0004", "name": "Bingo Chicken Nuggets", "description": "Bingo Chicken Nuggets 200G", "price": "45.00", "image_url": "https://gorobinsons.ph/collections/frozen/products/bingo-chicken-nuggets-200g-604-rs-forum-pioneer", "image": "Bingo_Chicken_Nuggets_200G.jpg"}}, {"model": "products.product", "pk": 198, "fields": {"category": 11, "sku": "FR0005", "name": "CDO Funtastyk Tocino", "description": "CDO Funtastyk Young Pork Tocino 225G", "price": "77.00", "image_url": "https://gorobinsons.ph/collections/frozen/products/cdo-funtastyk-young-pork-tocino-225g-604-rs-forum-pioneer-1", "image": "CDO_Funtastyk_Young_Pork_Tocino_225G.jpg"}}, {"model": "products.product", "pk": 199, "fields": {"category": 11, "sku": "FR0006", "name": "CDO Skinless Longganisa", "description": "CDO Skinless Longganisa 250G", "price": "68.50", "image_url": "https://gorobinsons.ph/collections/frozen/products/cdo-skinless-longganisa-250g-604-rs-forum-pioneer", "image": "CDO_Skinless_Longganisa_250G.jpg"}}, {"model": "products.product", "pk": 200, "fields": {"category": 11, "sku": "FR0007", "name": "CDO Ulam Burger", "description": "CDO Ulam Burger Regular Beef Patties 228G", "price": "53.00", "image_url": "https://gorobinsons.ph/collections/frozen/products/cdo-ulam-burger-cheesy-beef-patties-228g-604-rs-forum-pioneer", "image": "CDO_Ulam_Burger_Regular_Beef_Patties_228G.jpg"}}, {"model": "products.product", "pk": 201, "fields": {"category": 11, "sku": "FR0008", "name": "King Sue Bacon", "description": "King Sue Sliced Bacon 250G", "price": "132.50", "image_url": "https://gorobinsons.ph/collections/frozen/products/king-sue-sliced-bacon-250g-604-rs-forum-pioneer", "image": "King_Sue_Sliced_Bacon_250G.jpg"}}, {"model": "products.product", "pk": 202, "fields": {"category": 11, "sku": "FR0009", "name": "King Sue Franks", "description": "King Sue German Franks 500G", "price": "120.00", "image_url": "https://gorobinsons.ph/collections/frozen/products/king-sue-german-franks-500g-604-rs-forum-pioneer", "image": "King_Sue_German_Franks_500G.jpg"}}, {"model": "products.product", "pk": 203, "fields": {"category": 14, "sku": "SN0001", "name": "Cheese Ring", "description": "Regent Cheese Ring 60G", "price": "15.00", "image_url": "https://gorobinsons.ph/collections/snacks-sweets/products/regent-cheese-ring-60g-604-rs-forum-pioneer", "image": "Regent_Cheese_Ring_60G.jpg"}}, {"model": "products.product", "pk": 204, "fields": {"category": 14, "sku": "SN0002", "name": "Piattos", "description": "Jack 'n Jill Piattos Cheese Potato Chips 85G", "price": "27.75", "image_url": "https://gorobinsons.ph/collections/snacks-sweets/products/jack-n-jill-piattos-cheese-potato-chips-85g-604-rs-forum-pioneer", "image": "Jack_n_Jill_Piattos_Cheese_Potato_Chips_85G.jpg"}}, {"model": "products.product", "pk": 205, "fields": {"category": 14, "sku": "SN0003", "name": "Chippy", "description": "Jack 'n Jill Chippy Barbecue Corn Chips 110G", "price": "20.50", "image_url": "https://gorobinsons.ph/collections/snacks-sweets/products/jack-n-jill-chippy-barbecue-corn-chips-110g-604-rs-forum-pioneer", "image": "Jack_n_Jill_Chippy_Barbecue_Corn_Chips_110G.jpg"}}, {"model": "products.product", "pk": 206, "fields": {"category": 14, "sku": "SN0004", "name": "Doritos", "description": "Doritos Nacho Cheesier Tortilla Chips 7OZ", "price": "143.25", "image_url": "https://gorobinsons.ph/collections/snacks-sweets/products/doritos-nacho-cheesier-tortilla-chips-7oz-604-rs-forum-pioneer", "image": "Doritos_Nacho_Cheesier_Tortilla_Chips_7OZ.jpg"}}, {"model": "products.product", "pk": 207, "fields": {"category": 14, "sku": "SN0005", "name": "Oreo", "description": "Mini Oreo Original Chocolate Sandwich Cookie 20.4G", "price": "10.00", "image_url": "https://gorobinsons.ph/collections/snacks-sweets/products/mini-oreo-original-chocolate-sandwich-cookie-20-4g-604-rs-forum-pioneer", "image": "Mini_Oreo_Original_Chocolate_Sandwich_Cookie_20.4G.jpg"}}, {"model": "products.product", "pk": 208, "fields": {"category": 14, "sku": "SN0006", "name": "Bingo", "description": "Bingo Choco Orange Biscuit 28Gx10 Single Packs", "price": "53.00", "image_url": "https://gorobinsons.ph/collections/snacks-sweets/products/bingo-choco-orange-biscuit-28gx10-single-packs-604-rs-forum-pioneer", "image": "Bingo_Choco_Orange_Biscuit_28Gx10_Single_Packs.jpg"}}, {"model": "products.product", "pk": 209, "fields": {"category": 14, "sku": "SN0007", "name": "Boy Bawang", "description": "Boy Bawang Hot Garlic 100G", "price": "16.50", "image_url": "https://gorobinsons.ph/collections/snacks-sweets/products/boy-bawang-hot-garlic-100g-604-rs-forum-pioneer", "image": "Boy_Bawang_Hot_Garlic_100G.jpg"}}, {"model": "products.product", "pk": 210, "fields": {"category": 27, "sku": "OI0001", "name": "Baguio Canola Oil", "description": "Baguio Canola Oil 500ml", "price": "50.00", "image_url": "https://antshop.ph/product/cooking/oils/baguio-canola-oil-500ml/", "image": "Baguio_Canola_Oil_500ml.jpg"}}, {"model": "products.product", "pk": 211, "fields": {"category": 27, "sku": "OI0002", "name": "Golden Fiesta Canola Oil", "description": "Golden Fiesta Canola Oil 1L", "price": "131.40", "image_url": "https://antshop.ph/product/cooking/oils/golden-fiesta-canola-oil-1l/", "image": "Golden_Fiesta_Canola_Oil.jpg"}}, {"model": "products.product", "pk": 212, "fields": {"category": 27, "sku": "OI0003", "name": "Jolly Canola Oil", "description": "Jolly Canola Oil 100% Pure Cholesterol Free 1L", "price": "134.10", "image_url": "https://antshop.ph/product/cooking/oils/jolly-canola-oil-100-pure-cholesterol-free-1l/", "image": "Jolly_Canola_Oil_100_Pure_Cholesterol_Free_1L.jpg"}}, {"model": "products.product", "pk": 213, "fields": {"category": 27, "sku": "OI0004", "name": "Jolly Claro Palm Oil", "description": "Jolly Claro Palm Oil 100% Pure Cholesterol Free 250ml", "price": "30.50", "image_url": "https://antshop.ph/product/cooking/oils/jolly-claro-palm-oil-100-pure-cholesterol-free-250ml/", "image": "Jolly_Canola_Oil_100_Pure_Cholesterol_Free_1L_pcPqJxy.jpg"}}, {"model": "products.product", "pk": 214, "fields": {"category": 26, "sku": "IN0001", "name": "Pancit Canton Original", "description": "Lucky Me Instant Pancit Canton Original Flavor Multipack 80G x 6 pieces", "price": "70.80", "image_url": "https://gorobinsons.ph/collections/food-pantry/products/lucky-me-instant-pancit-canton-original-flavor-multipack-80g-x-6-pieces-604-rs-forum-pioneer", "image": "Lucky_Me_Instant_Pancit_Canton_Original_Flavor_Multipack_80G_x_6_pieces.jpg"}}, {"model": "products.product", "pk": 215, "fields": {"category": 26, "sku": "IN0002", "name": "Pancit Canton Sweet and Spicy", "description": "Lucky Me Instant Pancit Canton Sweet 7 Spicy Flavor Multipack 80g x 6 pieces", "price": "70.80", "image_url": "https://gorobinsons.ph/collections/food-pantry/products/lucky-me-instant-pancit-canton-sweet-7-spicy-flavor-multipack-80g-x-6-pieces-604-rs-forum-pioneer", "image": "Lucky_Me_Instant_Pancit_Canton_Sweet_7_Spicy_Flavor_Multipack_80g_x_6_pieces.jpg"}}, {"model": "products.product", "pk": 216, "fields": {"category": 26, "sku": "IN0003", "name": "Payless Mami", "description": "Payless Instant Mami Chicken Espesyal 50G", "price": "6.50", "image_url": "https://gorobinsons.ph/collections/food-pantry/products/payless-instant-mami-chicken-espesyal-50g-604-rs-forum-pioneer", "image": "Payless_Instant_Mami_Chicken_Espesyal_50G.jpg"}}, {"model": "products.product", "pk": 217, "fields": {"category": 26, "sku": "IN0004", "name": "Payless Canton Chili-mansi", "description": "Payless Pancit Canton Xtra Big Chili-mansi Flavor 130G", "price": "15.00", "image_url": "https://gorobinsons.ph/collections/food-pantry/products/payless-pancit-canton-xtra-big-chili-mansi-flavor-130g-604-rs-forum-pioneer", "image": "Payless_Pancit_Canton_Xtra_Big_Chili-mansi_Flavor_130G.jpg"}}, {"model": "products.product", "pk": 218, "fields": {"category": 26, "sku": "IN0005", "name": "Payless Canton Kalamansi", "description": "Payless Pancit Canton Xtra Big Kalamansi Flavor 130G", "price": "15.00", "image_url": "https://gorobinsons.ph/collections/food-pantry/products/payless-pancit-canton-xtra-big-kalamnsi-flavor-130g-604-rs-forum-pioneer", "image": "Payless_Pancit_Canton_Xtra_Big_Kalamnsi_Flavor_130G.jpg"}}, {"model": "products.product", "pk": 219, "fields": {"category": 26, "sku": "IN0006", "name": "Payless Canton Xtra Hot", "description": "Payless Pancit Canton Xtra Big Xtra Hot Flavor 130G", "price": "15.00", "image_url": "https://gorobinsons.ph/collections/food-pantry/products/payless-pancit-canton-xtra-big-xtra-hot-flavor-130g-604-rs-forum-pioneer", "image": "Payless_Pancit_Canton_Xtra_Big_Xtra_Hot_Flavor_130G.jpg"}}, {"model": "products.product", "pk": 220, "fields": {"category": 26, "sku": "IN0007", "name": "Lucky Me Instant Noodles Spicy Beef", "description": "Lucky Me Instant Noodles Spicy Beef 50g", "price": "8.90", "image_url": "https://mygroceryph.com/lucky-me-instant-noodles-spicy-beef-50g.html", "image": "luckymespicybeef.jpg"}}, {"model": "products.product", "pk": 221, "fields": {"category": 26, "sku": "IN0008", "name": "Lucky Me Pancit Canton Hot Chili", "description": "Lucky Me Pancit Canton Hot Chili 80g", "price": "13.75", "image_url": "https://mygroceryph.com/lucky-me-pancit-canton-hot-chili-80g.html", "image": "luckymehotchili.jpg"}}, {"model": "products.product", "pk": 222, "fields": {"category": 26, "sku": "IN0009", "name": "Lucky Me Pancit Canton Original", "description": "Lucky Me Pancit Canton Original 80g", "price": "13.20", "image_url": "https://mygroceryph.com/lucky-me-pancit-canton-original-80g.html", "image": "luckymeorginal.png"}}, {"model": "products.product", "pk": 223, "fields": {"category": 26, "sku": "IN0010", "name": "Lucky Me Pancit Canton Chili Mansi", "description": "Lucky Me Pancit Canton Chili Mansi 80g", "price": "13.20", "image_url": "https://mygroceryph.com/lucky-me-pancit-canton-chili-mansi-80g.html", "image": "luckymechilimansi.png"}}, {"model": "products.product", "pk": 224, "fields": {"category": 26, "sku": "IN0011", "name": "Lucky Me Instant Mami Noodles Beef", "description": "Lucky Me Instant Mami Noodles Beef 55g", "price": "8.70", "image_url": "https://mygroceryph.com/lucky-me-instant-mami-noodles-beef-55g.html", "image": "luckymemamibeef.png"}}, {"model": "products.product", "pk": 225, "fields": {"category": 26, "sku": "IN0012", "name": "Lucky Me Instant Mami Noodles Chicken", "description": "Lucky Me Instant Mami Noodles Chicken 55g", "price": "8.70", "image_url": "https://mygroceryph.com/lucky-me-instant-mami-noodles-chicken-55gm.html", "image": "luckymemamichicken.png"}}, {"model": "products.product", "pk": 226, "fields": {"category": 26, "sku": "IN0013", "name": "Lucky Me Pancit Canton Sweet & Spicy", "description": "Lucky Me Pancit Canton Sweet & Spicy 80g", "price": "13.20", "image_url": "https://mygroceryph.com/lucky-me-pancit-canton-sweet-spicy-80g.html", "image": "luckymesweetspicy.png"}}, {"model": "products.product", "pk": 227, "fields": {"category": 26, "sku": "IN0014", "name": "Lucky Me Pancit Canton Kalamansi", "description": "Lucky Me Pancit Canton Kalamansi 80g", "price": "13.20", "image_url": "https://mygroceryph.com/lucky-me-pancit-canton-kalamansi-80g.html", "image": "luckykalamansi.png"}}, {"model": "products.product", "pk": 228, "fields": {"category": 25, "sku": "CG0001", "name": "Purefoods corned beef 150g", "description": "Purefoods corned beef 150g", "price": "86.00", "image_url": "https://mygroceryph.com/purefoods-corned-beef-150g.html", "image": "Purefoods_Corned_Beef_150g.png"}}, {"model": "products.product", "pk": 229, "fields": {"category": 25, "sku": "CG0002", "name": "Purefoods Corned Beef 380g", "description": "Purefoods Corned Beef 380g", "price": "175.00", "image_url": "https://mygroceryph.com/purefoods-corned-beef-380g.html", "image": "purefoods380g.png"}}, {"model": "products.product", "pk": 230, "fields": {"category": 25, "sku": "CG0003", "name": "Argentina Corned Beef 260g", "description": "Argentina Corned Beef 260g", "price": "65.00", "image_url": "https://mygroceryph.com/argentina-corned-beef-260g.html", "image": "argentina260g.jpg"}}, {"model": "products.product", "pk": 231, "fields": {"category": 25, "sku": "CG0004", "name": "Argentina Corned Beef 100g", "description": "Argentina Corned Beef 100g", "price": "40.00", "image_url": "https://mygroceryph.com/argentina-corned-beef-100g.html", "image": "argentina100g.jpg"}}, {"model": "products.product", "pk": 232, "fields": {"category": 25, "sku": "CG0005", "name": "Ligo Sardines in tomato sauce chili", "description": "Ligo Sardines in tomato sauce chili 155g", "price": "21.95", "image_url": "https://mygroceryph.com/ligo-sardines-in-tomato-sauce-chili.html", "image": "ligochilli155g_22mYg5X.jpg"}}, {"model": "products.product", "pk": 233, "fields": {"category": 25, "sku": "CG0006", "name": "Ligo Sardines in tomato sauce", "description": "Ligo Sardines in tomato sauce 155g", "price": "21.95", "image_url": "https://mygroceryph.com/ligo-sardines-in-tomato-sauce-155g.html", "image": "ligotomato155g_n2wGF9z.png"}}, {"model": "products.product", "pk": 234, "fields": {"category": 25, "sku": "CG0007", "name": "555 Fried Sardines Hot and Spicy", "description": "555 Fried Sardines Hot and Spicy 155G", "price": "35.00", "image_url": "https://mygroceryph.com/555-fried-sardines-hot-and-spicy-155g.html", "image": "555hot155g.png"}}, {"model": "products.product", "pk": 235, "fields": {"category": 25, "sku": "CG0008", "name": "555 Sardines in Tomato Sauce Chili", "description": "555 Sardines in Tomato Sauce Chili 155g", "price": "21.50", "image_url": "https://mygroceryph.com/555-sardines-in-tomato-sauce-chili.html", "image": "555hot155g_EmPUid5.png"}}, {"model": "products.product", "pk": 236, "fields": {"category": 25, "sku": "CG0007", "name": "555 Fried Sardines Hot and Spicy", "description": "555 Fried Sardines Hot and Spicy 155G", "price": "35.00", "image_url": "https://mygroceryph.com/555-fried-sardines-hot-and-spicy-155g.html", "image": "555_Fried_Sardines_Hot_and_Spicy.png"}}, {"model": "products.product", "pk": 237, "fields": {"category": 25, "sku": "CG0008", "name": "555 Sardines in Tomato Sauce Chili", "description": "555 Sardines in Tomato Sauce Chili 155g", "price": "21.50", "image_url": "https://mygroceryph.com/555-sardines-in-tomato-sauce-chili.html", "image": "ligochilli155g_nIT2u0U.jpg"}}, {"model": "products.product", "pk": 238, "fields": {"category": 25, "sku": "CG0009", "name": "Century Tuna Flakes Hot and Spicy", "description": "Century Tuna Flakes Hot and Spicy 155g", "price": "32.80", "image_url": "https://mygroceryph.com/century-tuna-flakes-hot-and-spicy-155g.html", "image": "centurytunaspicy155g.png"}}, {"model": "products.product", "pk": 239, "fields": {"category": 25, "sku": "CG0010", "name": "Century Tuna Flakes in Vegetable Oil", "description": "Century Tuna Flakes in Vegetable Oil 155g", "price": "38.00", "image_url": "https://mygroceryph.com/century-tuna-flakes-in-vegetable-oil-155g.html", "image": "centurytunaflakes155g.png"}}, {"model": "products.product", "pk": 240, "fields": {"category": 25, "sku": "CG0011", "name": "Argentina Meatloaf", "description": "Argentina Meatloaf 170g", "price": "25.00", "image_url": "https://mygroceryph.com/argentina-meatloaf-170g.html", "image": "argentinameatloaf170g.png"}}, {"model": "products.product", "pk": 241, "fields": {"category": 25, "sku": "CG0020", "name": "Libby's Vienna Sausage", "description": "Libby's Vienna Sausage 130g", "price": "43.00", "image_url": "https://gorobinsons.ph/products/libbys-vienna-sausage-4-6oz-604-rs-forum-pioneer", "image": "Libbys_Vienna_Sausage.jpg"}}, {"model": "products.product", "pk": 242, "fields": {"category": 25, "sku": "CG0021", "name": "555 Squid Chili", "description": "555 Squid Chili 155g", "price": "38.24", "image_url": "https://antshop.ph/product/canned-goods/canned-seafoods/555-squid-chili/", "image": "555_Squid_Chili_155g.png"}}, {"model": "products.product", "pk": 243, "fields": {"category": 25, "sku": "CG0022", "name": "555 Carne Norte", "description": "555 Carne Norte 100g", "price": "16.50", "image_url": "https://antshop.ph/product/canned-goods/canned-meat/555-carne-norte-100g/", "image": "555_Carne_Norte_100g.jpg"}}, {"model": "products.product", "pk": 244, "fields": {"category": 25, "sku": "CG0023", "name": "555 Carne Norte 150g", "description": "555 Carne Norte 150g", "price": "26.50", "image_url": "https://antshop.ph/product/canned-goods/canned-meat/555-carne-norte-150g/", "image": "555_Carne_Norte_150g.jpg"}}, {"model": "products.product", "pk": 245, "fields": {"category": 25, "sku": "CG0024", "name": "555 Tuna Afritada 110g", "description": "555 Tuna Afritada 110g", "price": "21.85", "image_url": "https://antshop.ph/product/canned-goods/canned-seafoods/555-tuna-afritada/", "image": "555_Tuna_Afritada_110g.png"}}, {"model": "products.product", "pk": 246, "fields": {"category": 25, "sku": "CG0026", "name": "555 Tuna Bicol Express", "description": "555 Tuna Bicol Express 155g", "price": "27.89", "image_url": "https://antshop.ph/product/canned-goods/canned-seafoods/555-tuna-bicol-express/", "image": "555_Tuna_Bicol_Express_155g.png"}}, {"model": "products.product", "pk": 247, "fields": {"category": 25, "sku": "CG0027", "name": "Argentina Corned Beef 150g", "description": "Argentina Corned Beef 150g", "price": "35.85", "image_url": "https://antshop.ph/product/canned-goods/canned-meat/argentina-corned-beef-150g/", "image": "Argentina_Corned_Beef_150g.jpg"}}, {"model": "products.product", "pk": 248, "fields": {"category": 25, "sku": "CG0028", "name": "CDO Samba Brazilian Corned Beef", "description": "CDO Samba Brazilian Corned Beef 210g", "price": "56.64", "image_url": "https://antshop.ph/product/canned-goods/canned-meat/cdo-samba-brazilian-corned-beef/", "image": "CDO_Samba_Brazilian_Corned_Beef_210g.png"}}, {"model": "products.product", "pk": 249, "fields": {"category": 25, "sku": "CG0029", "name": "Century Bangus Chunks Spanish Style", "description": "Century Bangus Chunks Spanish Style 155g", "price": "42.48", "image_url": "https://antshop.ph/product/canned-goods/canned-seafoods/century-bangus-chunks-spanish-style/", "image": "Century_Bangus_Chunks_Spanish_Style_155g.png"}}, {"model": "products.product", "pk": 250, "fields": {"category": 25, "sku": "CG0030", "name": "Century Bangus Sisig", "description": "Century Bangus Sisig 150g", "price": "38.53", "image_url": "https://antshop.ph/product/canned-goods/canned-seafoods/century-bangus-chunks-paksiw-2/", "image": "Century_Bangus_Sisig_150g.png"}}, {"model": "products.product", "pk": 251, "fields": {"category": 25, "sku": "CG0031", "name": "Century Gourmet Bangus In Oil", "description": "Century Gourmet Bangus In Oil 184g", "price": "60.38", "image_url": "https://antshop.ph/product/canned-goods/canned-seafoods/century-gourmet-bangus-in-oil/", "image": "Century_Gourmet_Bangus_In_Oil_184g.png"}}, {"model": "products.product", "pk": 252, "fields": {"category": 25, "sku": "CG0032", "name": "Century Tuna Flakes Afritada", "description": "Century Tuna Flakes Afritada 155g", "price": "29.45", "image_url": "https://antshop.ph/product/canned-goods/canned-seafoods/century-tuna-flakes-afritada/", "image": "Century_Tuna_Flakes_Afritada_155g.png"}}, {"model": "products.product", "pk": 253, "fields": {"category": 25, "sku": "CG0033", "name": "Century Tuna Paella", "description": "Century Tuna Paella 180g", "price": "38.35", "image_url": "https://antshop.ph/product/canned-goods/canned-seafoods/century-tuna-paella/", "image": "Century_Tuna_Paella_180g.jpg"}}, {"model": "products.product", "pk": 254, "fields": {"category": 25, "sku": "CG0034", "name": "Familys Brand Sardines Bonus Pack Hot In Tomato Sauce", "description": "Familys Brand Sardines Bonus Pack Hot In Tomato Sauce 155g", "price": "19.50", "image_url": "https://antshop.ph/product/canned-goods/canned-seafoods/familys-brand-sardines-bonus-pack-hot-in-tomato-sauce/", "image": "Familys_Brand_Sardines_Bonus_Pack_Hot_In_Tomato_Sauce_155g.png"}}, {"model": "products.product", "pk": 255, "fields": {"category": 25, "sku": "CG0035", "name": "Familys Brand Sardines Bonus Pack Plain In Tomato Sauce", "description": "Familys Brand Sardines Bonus Pack Plain In Tomato Sauce 155g", "price": "18.50", "image_url": "https://antshop.ph/product/canned-goods/canned-seafoods/familys-brand-sardines-bonus-pack-plain-in-tomato-sauce/", "image": "Familys_Brand_Sardines_Bonus_Pack_Plain_In_Tomato_Sauce_155g.png"}}, {"model": "products.product", "pk": 256, "fields": {"category": 25, "sku": "CG0036", "name": "Fresca Tuna Adobo 100g", "description": "Fresca Tuna Adobo 100g", "price": "18.80", "image_url": "https://antshop.ph/product/canned-goods/canned-seafoods/fresca-tuna-adobo/", "image": "Fresca_Tuna_Adobo_100g.png"}}, {"model": "products.product", "pk": 257, "fields": {"category": 25, "sku": "CG0037", "name": "Fresca Tuna Adobo 175g", "description": "Fresca Tuna Adobo 175g", "price": "23.05", "image_url": "https://antshop.ph/product/canned-goods/canned-seafoods/fresca-tuna-adobo-2/", "image": "Fresca_Tuna_Adobo_175g.jpg"}}, {"model": "products.product", "pk": 258, "fields": {"category": 25, "sku": "CG0038", "name": "Highlands Corned Beef", "description": "Highlands Corned Beef 150g", "price": "47.50", "image_url": "https://antshop.ph/product/canned-goods/canned-meat/highlands-corned-beef-150g/", "image": "Highlands_Corned_Beef_150g.jpg"}}, {"model": "products.product", "pk": 259, "fields": {"category": 25, "sku": "CG0039", "name": "Hokkaido In Natural Oil", "description": "Hokkaido In Natural Oil 200g", "price": "37.08", "image_url": "https://antshop.ph/product/canned-goods/canned-seafoods/hokkaido-in-natural-oil-2/", "image": "Hokkaido_In_Natural_Oil_200g.png"}}, {"model": "products.product", "pk": 260, "fields": {"category": 25, "sku": "CG0040", "name": "Ligo Carne Norte Spicy", "description": "Ligo Carne Norte Spicy 130g", "price": "21.28", "image_url": "https://antshop.ph/product/canned-goods/canned-meat/ligo-carne-norte-spicy/", "image": "Ligo_Carne_Norte_Spicy_130g.png"}}, {"model": "products.product", "pk": 261, "fields": {"category": 25, "sku": "CG0041", "name": "Ligo Mackerel In Natural Oil 425g", "description": "Ligo Mackerel In Natural Oil 425g", "price": "57.79", "image_url": "https://antshop.ph/product/canned-goods/canned-seafoods/ligo-mackerel-in-natural-oil-2/", "image": "Ligo_Mackerel_In_Natural_Oil_425g.png"}}, {"model": "checkout.order", "pk": 15, "fields": {"order_number": "4A08FAB05E174EE698CEC84F7AC05FDE", "user_profile": 1, "full_name": "Gideon Gannaban", "email": "gideongannaban1985@gmail.com", "phone_number": "09228580729", "country": "PH", "town_or_city": "Pasig City", "building_name": null, "house_number": "1053b", "street_address": "1053b, Skyway Twin Towers Condo, Skyway Twin Towers Condo, Skyway Twin Towers Co", "province": "Metro Manila", "barangay": "Barangay", "landmark": "", "date": "2021-01-21T23:30:56.757Z", "delivery_cost": "0.00", "order_total": "1000.00", "grand_total": "1000.00", "original_bag": "{\"78\": 25}", "stripe_pid": "pi_1ICCb1DXo4W4DpSY8KYVTTAx"}}, {"model": "checkout.order", "pk": 16, "fields": {"order_number": "06E252F430EC4E4D9A678F8DEC4789C3", "user_profile": 1, "full_name": "Gids", "email": "gideongannaban0528@gmail.com", "phone_number": "09228580729", "country": "PH", "town_or_city": "Pasig City", "building_name": "Skyway Twin Towers", "house_number": "1053B", "street_address": "1053b, Skyway Twin Towers Condo, Skyway Twin Towers Condo, Skyway Twin Towers Co", "province": "Metro Manila", "barangay": "Kapitolyo", "landmark": "", "date": "2021-01-21T23:38:34.341Z", "delivery_cost": "0.00", "order_total": "1252.00", "grand_total": "1252.00", "original_bag": "{\"76\": 4}", "stripe_pid": "pi_1ICCjDDXo4W4DpSYAbxANVua"}}, {"model": "checkout.orderlineitem", "pk": 25, "fields": {"order": 15, "product": 78, "quantity": 25, "lineitem_total": "1000.00"}}, {"model": "checkout.orderlineitem", "pk": 26, "fields": {"order": 16, "product": 76, "quantity": 4, "lineitem_total": "1252.00"}}, {"model": "profiles.userprofile", "pk": 1, "fields": {"user": 1, "default_phone_number": "Phone Number", "default_building_name": "Building Name", "default_house_number": "House Number", "default_street_address": "Street Address", "default_barangay": "Barangay", "default_town_or_city": "Town or City", "default_province": "Province", "default_country": null}}, {"model": "profiles.userprofile", "pk": 2, "fields": {"user": 3, "default_phone_number": "Phone Number", "default_building_name": "Building Name", "default_house_number": "House Number", "default_street_address": "Street Address", "default_barangay": "Barangay", "default_town_or_city": "Town or City", "default_province": "Province", "default_country": null}}]